id,translations,created_at,language_code,base_translations,keys,language_iso_code
9f3839c1-224f-4a11-a4c5-85e81e3b999c,"{""upload_qr"": """", ""enter_code"": """", ""state_label"": """", ""accept_terms"": """", ""country_label"": """", ""language_label"": """", ""continue_button"": """", ""welcome_heading"": """", ""welcome_subtitle"": """", ""terms_and_conditions"": """"}",2025-07-14 12:51:22.941,basque,"{""upload_qr"": ""Upload QR Code"", ""enter_code"": ""Enter Referral Code"", ""state_label"": ""Select State"", ""accept_terms"": ""I accept the terms and conditions"", ""country_label"": ""Select Country"", ""language_label"": ""Select Language"", ""continue_button"": ""Continue"", ""welcome_heading"": ""Welcome to CONNECTA"", ""welcome_subtitle"": ""Please upload your QR code or enter the referral code"", ""terms_and_conditions"": ""Terms and Conditions""}","[""welcome_heading"", ""welcome_subtitle"", ""upload_qr"", ""enter_code"", ""continue_button"", ""accept_terms"", ""terms_and_conditions"", ""language_label"", ""country_label"", ""state_label""]","eu-ES
"
ded588eb-bd3f-46b0-8c1f-f2da370d3398,"{""upload_qr"": """", ""enter_code"": """", ""state_label"": """", ""accept_terms"": """", ""country_label"": """", ""language_label"": """", ""continue_button"": """", ""welcome_heading"": """", ""welcome_subtitle"": """", ""terms_and_conditions"": """"}",2025-07-14 12:51:23.382,chinese_hk,"{""upload_qr"": ""Upload QR Code"", ""enter_code"": ""Enter Referral Code"", ""state_label"": ""Select State"", ""accept_terms"": ""I accept the terms and conditions"", ""country_label"": ""Select Country"", ""language_label"": ""Select Language"", ""continue_button"": ""Continue"", ""welcome_heading"": ""Welcome to CONNECTA"", ""welcome_subtitle"": ""Please upload your QR code or enter the referral code"", ""terms_and_conditions"": ""Terms and Conditions""}","[""welcome_heading"", ""welcome_subtitle"", ""upload_qr"", ""enter_code"", ""continue_button"", ""accept_terms"", ""terms_and_conditions"", ""language_label"", ""country_label"", ""state_label""]","zh-HK
"
00e88464-92f3-4315-a045-bd4c3ea81bda,"{""upload_qr"": """", ""enter_code"": """", ""state_label"": """", ""accept_terms"": """", ""country_label"": """", ""language_label"": """", ""continue_button"": """", ""welcome_heading"": """", ""welcome_subtitle"": """", ""terms_and_conditions"": """"}",2025-07-13 12:57:07.266,ukrainian,"{""upload_qr"": ""Upload QR Code"", ""enter_code"": ""Enter Referral Code"", ""state_label"": ""Select State"", ""accept_terms"": ""I accept the terms and conditions"", ""country_label"": ""Select Country"", ""language_label"": ""Select Language"", ""continue_button"": ""Continue"", ""welcome_heading"": ""Welcome to CONNECTA"", ""welcome_subtitle"": ""Please upload your QR code or enter the referral code"", ""terms_and_conditions"": ""Terms and Conditions""}","[""welcome_heading"", ""welcome_subtitle"", ""upload_qr"", ""enter_code"", ""continue_button"", ""accept_terms"", ""terms_and_conditions"", ""language_label"", ""country_label"", ""state_label""]",uk
1dddb0d5-1dd5-4e1d-9377-a90f29545642,"{""upload_qr"": """", ""enter_code"": """", ""state_label"": """", ""accept_terms"": """", ""country_label"": """", ""language_label"": """", ""continue_button"": """", ""welcome_heading"": """", ""welcome_subtitle"": """", ""terms_and_conditions"": """"}",2025-07-14 12:51:23.765,danish,"{""upload_qr"": ""Upload QR Code"", ""enter_code"": ""Enter Referral Code"", ""state_label"": ""Select State"", ""accept_terms"": ""I accept the terms and conditions"", ""country_label"": ""Select Country"", ""language_label"": ""Select Language"", ""continue_button"": ""Continue"", ""welcome_heading"": ""Welcome to CONNECTA"", ""welcome_subtitle"": ""Please upload your QR code or enter the referral code"", ""terms_and_conditions"": ""Terms and Conditions""}","[""welcome_heading"", ""welcome_subtitle"", ""upload_qr"", ""enter_code"", ""continue_button"", ""accept_terms"", ""terms_and_conditions"", ""language_label"", ""country_label"", ""state_label""]",da
cd48866d-0e9b-4668-9291-8569b046ed3b,"{""upload_qr"": """", ""enter_code"": """", ""state_label"": """", ""accept_terms"": """", ""country_label"": """", ""language_label"": """", ""continue_button"": """", ""welcome_heading"": """", ""welcome_subtitle"": """", ""terms_and_conditions"": """"}",2025-07-14 12:51:24.755,hebrew,"{""upload_qr"": ""Upload QR Code"", ""enter_code"": ""Enter Referral Code"", ""state_label"": ""Select State"", ""accept_terms"": ""I accept the terms and conditions"", ""country_label"": ""Select Country"", ""language_label"": ""Select Language"", ""continue_button"": ""Continue"", ""welcome_heading"": ""Welcome to CONNECTA"", ""welcome_subtitle"": ""Please upload your QR code or enter the referral code"", ""terms_and_conditions"": ""Terms and Conditions""}","[""welcome_heading"", ""welcome_subtitle"", ""upload_qr"", ""enter_code"", ""continue_button"", ""accept_terms"", ""terms_and_conditions"", ""language_label"", ""country_label"", ""state_label""]",he
b88b971d-ee25-4e1b-9910-4ccfa53ac1e2,"{""upload_qr"": """", ""enter_code"": """", ""state_label"": """", ""accept_terms"": """", ""country_label"": """", ""language_label"": """", ""continue_button"": """", ""welcome_heading"": """", ""welcome_subtitle"": """", ""terms_and_conditions"": """"}",2025-07-14 12:51:25.502,khmer,"{""upload_qr"": ""Upload QR Code"", ""enter_code"": ""Enter Referral Code"", ""state_label"": ""Select State"", ""accept_terms"": ""I accept the terms and conditions"", ""country_label"": ""Select Country"", ""language_label"": ""Select Language"", ""continue_button"": ""Continue"", ""welcome_heading"": ""Welcome to CONNECTA"", ""welcome_subtitle"": ""Please upload your QR code or enter the referral code"", ""terms_and_conditions"": ""Terms and Conditions""}","[""welcome_heading"", ""welcome_subtitle"", ""upload_qr"", ""enter_code"", ""continue_button"", ""accept_terms"", ""terms_and_conditions"", ""language_label"", ""country_label"", ""state_label""]",km
eef69c46-6e60-4100-b7a9-2440c9f962f3,"{""upload_qr"": """", ""enter_code"": """", ""state_label"": """", ""accept_terms"": """", ""country_label"": """", ""language_label"": """", ""continue_button"": """", ""welcome_heading"": """", ""welcome_subtitle"": """", ""terms_and_conditions"": """"}",2025-07-14 12:51:26.317,malay_malaysia,"{""upload_qr"": ""Upload QR Code"", ""enter_code"": ""Enter Referral Code"", ""state_label"": ""Select State"", ""accept_terms"": ""I accept the terms and conditions"", ""country_label"": ""Select Country"", ""language_label"": ""Select Language"", ""continue_button"": ""Continue"", ""welcome_heading"": ""Welcome to CONNECTA"", ""welcome_subtitle"": ""Please upload your QR code or enter the referral code"", ""terms_and_conditions"": ""Terms and Conditions""}","[""welcome_heading"", ""welcome_subtitle"", ""upload_qr"", ""enter_code"", ""continue_button"", ""accept_terms"", ""terms_and_conditions"", ""language_label"", ""country_label"", ""state_label""]","ms-MY
"
ef465c44-e315-412c-8879-6b74c3f5bd54,"{""upload_qr"": """", ""enter_code"": """", ""state_label"": """", ""accept_terms"": """", ""country_label"": """", ""language_label"": """", ""continue_button"": """", ""welcome_heading"": """", ""welcome_subtitle"": """", ""terms_and_conditions"": """"}",2025-07-14 12:51:26.694,nigerian_pidgin,"{""upload_qr"": ""Upload QR Code"", ""enter_code"": ""Enter Referral Code"", ""state_label"": ""Select State"", ""accept_terms"": ""I accept the terms and conditions"", ""country_label"": ""Select Country"", ""language_label"": ""Select Language"", ""continue_button"": ""Continue"", ""welcome_heading"": ""Welcome to CONNECTA"", ""welcome_subtitle"": ""Please upload your QR code or enter the referral code"", ""terms_and_conditions"": ""Terms and Conditions""}","[""welcome_heading"", ""welcome_subtitle"", ""upload_qr"", ""enter_code"", ""continue_button"", ""accept_terms"", ""terms_and_conditions"", ""language_label"", ""country_label"", ""state_label""]",pcm
ac7b1940-e55c-40bd-8d2e-f1116d61b584,"{""upload_qr"": """", ""enter_code"": """", ""state_label"": """", ""accept_terms"": """", ""country_label"": """", ""language_label"": """", ""continue_button"": """", ""welcome_heading"": """", ""welcome_subtitle"": """", ""terms_and_conditions"": """"}",2025-07-14 12:51:27.619,romansh,"{""upload_qr"": ""Upload QR Code"", ""enter_code"": ""Enter Referral Code"", ""state_label"": ""Select State"", ""accept_terms"": ""I accept the terms and conditions"", ""country_label"": ""Select Country"", ""language_label"": ""Select Language"", ""continue_button"": ""Continue"", ""welcome_heading"": ""Welcome to CONNECTA"", ""welcome_subtitle"": ""Please upload your QR code or enter the referral code"", ""terms_and_conditions"": ""Terms and Conditions""}","[""welcome_heading"", ""welcome_subtitle"", ""upload_qr"", ""enter_code"", ""continue_button"", ""accept_terms"", ""terms_and_conditions"", ""language_label"", ""country_label"", ""state_label""]",rm
f4f46abb-d4d1-466d-a9f5-a8a73294eab0,"{""upload_qr"": """", ""enter_code"": """", ""state_label"": """", ""accept_terms"": """", ""country_label"": """", ""language_label"": """", ""continue_button"": """", ""welcome_heading"": """", ""welcome_subtitle"": """", ""terms_and_conditions"": """"}",2025-07-14 12:51:27.862,sinhala,"{""upload_qr"": ""Upload QR Code"", ""enter_code"": ""Enter Referral Code"", ""state_label"": ""Select State"", ""accept_terms"": ""I accept the terms and conditions"", ""country_label"": ""Select Country"", ""language_label"": ""Select Language"", ""continue_button"": ""Continue"", ""welcome_heading"": ""Welcome to CONNECTA"", ""welcome_subtitle"": ""Please upload your QR code or enter the referral code"", ""terms_and_conditions"": ""Terms and Conditions""}","[""welcome_heading"", ""welcome_subtitle"", ""upload_qr"", ""enter_code"", ""continue_button"", ""accept_terms"", ""terms_and_conditions"", ""language_label"", ""country_label"", ""state_label""]","si-LK
"
ae89a053-4701-476e-afaf-65decc66b21b,"{""upload_qr"": """", ""enter_code"": """", ""state_label"": """", ""accept_terms"": """", ""country_label"": """", ""language_label"": """", ""continue_button"": """", ""welcome_heading"": """", ""welcome_subtitle"": """", ""terms_and_conditions"": """"}",2025-07-14 12:51:23.194,burmese,"{""upload_qr"": ""Upload QR Code"", ""enter_code"": ""Enter Referral Code"", ""state_label"": ""Select State"", ""accept_terms"": ""I accept the terms and conditions"", ""country_label"": ""Select Country"", ""language_label"": ""Select Language"", ""continue_button"": ""Continue"", ""welcome_heading"": ""Welcome to CONNECTA"", ""welcome_subtitle"": ""Please upload your QR code or enter the referral code"", ""terms_and_conditions"": ""Terms and Conditions""}","[""welcome_heading"", ""welcome_subtitle"", ""upload_qr"", ""enter_code"", ""continue_button"", ""accept_terms"", ""terms_and_conditions"", ""language_label"", ""country_label"", ""state_label""]","my-MM
"
448c97d1-8fe4-486b-9a39-fb41c463a239,"{""upload_qr"": """", ""enter_code"": """", ""state_label"": """", ""accept_terms"": """", ""country_label"": """", ""language_label"": """", ""continue_button"": """", ""welcome_heading"": """", ""welcome_subtitle"": """", ""terms_and_conditions"": """"}",2025-07-14 12:51:26.401,mandarin_chinese,"{""upload_qr"": ""Upload QR Code"", ""enter_code"": ""Enter Referral Code"", ""state_label"": ""Select State"", ""accept_terms"": ""I accept the terms and conditions"", ""country_label"": ""Select Country"", ""language_label"": ""Select Language"", ""continue_button"": ""Continue"", ""welcome_heading"": ""Welcome to CONNECTA"", ""welcome_subtitle"": ""Please upload your QR code or enter the referral code"", ""terms_and_conditions"": ""Terms and Conditions""}","[""welcome_heading"", ""welcome_subtitle"", ""upload_qr"", ""enter_code"", ""continue_button"", ""accept_terms"", ""terms_and_conditions"", ""language_label"", ""country_label"", ""state_label""]","zh
"
66753d43-c137-4f9c-a791-07a855078ecf,"{""upload_qr"": """", ""enter_code"": """", ""state_label"": """", ""accept_terms"": """", ""country_label"": """", ""language_label"": """", ""continue_button"": """", ""welcome_heading"": """", ""welcome_subtitle"": """", ""terms_and_conditions"": """"}",2025-07-14 12:51:28.269,spanish_spain,"{""upload_qr"": ""Upload QR Code"", ""enter_code"": ""Enter Referral Code"", ""state_label"": ""Select State"", ""accept_terms"": ""I accept the terms and conditions"", ""country_label"": ""Select Country"", ""language_label"": ""Select Language"", ""continue_button"": ""Continue"", ""welcome_heading"": ""Welcome to CONNECTA"", ""welcome_subtitle"": ""Please upload your QR code or enter the referral code"", ""terms_and_conditions"": ""Terms and Conditions""}","[""welcome_heading"", ""welcome_subtitle"", ""upload_qr"", ""enter_code"", ""continue_button"", ""accept_terms"", ""terms_and_conditions"", ""language_label"", ""country_label"", ""state_label""]","es-ES
"
cb61768f-b78e-4974-9b9b-93234ad57513,"{""upload_qr"": """", ""enter_code"": """", ""state_label"": """", ""accept_terms"": """", ""country_label"": """", ""language_label"": """", ""continue_button"": """", ""welcome_heading"": """", ""welcome_subtitle"": """", ""terms_and_conditions"": """"}",2025-07-14 12:51:24.22,french_canada,"{""upload_qr"": ""Upload QR Code"", ""enter_code"": ""Enter Referral Code"", ""state_label"": ""Select State"", ""accept_terms"": ""I accept the terms and conditions"", ""country_label"": ""Select Country"", ""language_label"": ""Select Language"", ""continue_button"": ""Continue"", ""welcome_heading"": ""Welcome to CONNECTA"", ""welcome_subtitle"": ""Please upload your QR code or enter the referral code"", ""terms_and_conditions"": ""Terms and Conditions""}","[""welcome_heading"", ""welcome_subtitle"", ""upload_qr"", ""enter_code"", ""continue_button"", ""accept_terms"", ""terms_and_conditions"", ""language_label"", ""country_label"", ""state_label""]","fr-CA
"
65db5835-c840-4764-b3ce-52745f24ff9f,"{""upload_qr"": """", ""enter_code"": """", ""state_label"": """", ""accept_terms"": """", ""country_label"": """", ""language_label"": """", ""continue_button"": """", ""welcome_heading"": """", ""welcome_subtitle"": """", ""terms_and_conditions"": """"}",2025-07-14 12:51:24.285,french_france,"{""upload_qr"": ""Upload QR Code"", ""enter_code"": ""Enter Referral Code"", ""state_label"": ""Select State"", ""accept_terms"": ""I accept the terms and conditions"", ""country_label"": ""Select Country"", ""language_label"": ""Select Language"", ""continue_button"": ""Continue"", ""welcome_heading"": ""Welcome to CONNECTA"", ""welcome_subtitle"": ""Please upload your QR code or enter the referral code"", ""terms_and_conditions"": ""Terms and Conditions""}","[""welcome_heading"", ""welcome_subtitle"", ""upload_qr"", ""enter_code"", ""continue_button"", ""accept_terms"", ""terms_and_conditions"", ""language_label"", ""country_label"", ""state_label""]",fr-FR
b880e6ec-2e28-4cc8-b209-d33c08bf94c0,"{""upload_qr"": """", ""enter_code"": """", ""state_label"": """", ""accept_terms"": """", ""country_label"": """", ""language_label"": """", ""continue_button"": """", ""welcome_heading"": """", ""welcome_subtitle"": """", ""terms_and_conditions"": """"}",2025-07-13 12:57:05.595,arabic,"{""upload_qr"": ""Upload QR Code"", ""enter_code"": ""Enter Referral Code"", ""state_label"": ""Select State"", ""accept_terms"": ""I accept the terms and conditions"", ""country_label"": ""Select Country"", ""language_label"": ""Select Language"", ""continue_button"": ""Continue"", ""welcome_heading"": ""Welcome to CONNECTA"", ""welcome_subtitle"": ""Please upload your QR code or enter the referral code"", ""terms_and_conditions"": ""Terms and Conditions""}","[""welcome_heading"", ""welcome_subtitle"", ""upload_qr"", ""enter_code"", ""continue_button"", ""accept_terms"", ""terms_and_conditions"", ""language_label"", ""country_label"", ""state_label""]",ar
1fadd6e4-c4bd-47f5-acea-d545e5b5e03d,"{""upload_qr"": """", ""enter_code"": """", ""state_label"": """", ""accept_terms"": """", ""country_label"": """", ""language_label"": """", ""continue_button"": """", ""welcome_heading"": """", ""welcome_subtitle"": """", ""terms_and_conditions"": """"}",2025-07-14 12:51:27.14,portuguese_brazil,"{""upload_qr"": ""Upload QR Code"", ""enter_code"": ""Enter Referral Code"", ""state_label"": ""Select State"", ""accept_terms"": ""I accept the terms and conditions"", ""country_label"": ""Select Country"", ""language_label"": ""Select Language"", ""continue_button"": ""Continue"", ""welcome_heading"": ""Welcome to CONNECTA"", ""welcome_subtitle"": ""Please upload your QR code or enter the referral code"", ""terms_and_conditions"": ""Terms and Conditions""}","[""welcome_heading"", ""welcome_subtitle"", ""upload_qr"", ""enter_code"", ""continue_button"", ""accept_terms"", ""terms_and_conditions"", ""language_label"", ""country_label"", ""state_label""]","pt-BR
"
90ff10a3-2d96-4136-936c-3fd768657ced,"{""upload_qr"": """", ""enter_code"": """", ""state_label"": """", ""accept_terms"": """", ""country_label"": """", ""language_label"": """", ""continue_button"": """", ""welcome_heading"": """", ""welcome_subtitle"": """", ""terms_and_conditions"": """"}",2025-07-14 12:51:28.185,spanish_latam,"{""upload_qr"": ""Upload QR Code"", ""enter_code"": ""Enter Referral Code"", ""state_label"": ""Select State"", ""accept_terms"": ""I accept the terms and conditions"", ""country_label"": ""Select Country"", ""language_label"": ""Select Language"", ""continue_button"": ""Continue"", ""welcome_heading"": ""Welcome to CONNECTA"", ""welcome_subtitle"": ""Please upload your QR code or enter the referral code"", ""terms_and_conditions"": ""Terms and Conditions""}","[""welcome_heading"", ""welcome_subtitle"", ""upload_qr"", ""enter_code"", ""continue_button"", ""accept_terms"", ""terms_and_conditions"", ""language_label"", ""country_label"", ""state_label""]","es-419
"
10b11409-1aa6-4a0b-a519-ec3a33b5703f,"{""upload_qr"": """", ""enter_code"": """", ""state_label"": """", ""accept_terms"": """", ""country_label"": """", ""language_label"": """", ""continue_button"": """", ""welcome_heading"": """", ""welcome_subtitle"": """", ""terms_and_conditions"": """"}",2025-07-14 12:51:27.954,slovak,"{""upload_qr"": ""Upload QR Code"", ""enter_code"": ""Enter Referral Code"", ""state_label"": ""Select State"", ""accept_terms"": ""I accept the terms and conditions"", ""country_label"": ""Select Country"", ""language_label"": ""Select Language"", ""continue_button"": ""Continue"", ""welcome_heading"": ""Welcome to CONNECTA"", ""welcome_subtitle"": ""Please upload your QR code or enter the referral code"", ""terms_and_conditions"": ""Terms and Conditions""}","[""welcome_heading"", ""welcome_subtitle"", ""upload_qr"", ""enter_code"", ""continue_button"", ""accept_terms"", ""terms_and_conditions"", ""language_label"", ""country_label"", ""state_label""]",sk
65a811eb-e8e6-4563-93f0-eec4775f9d98,"{""upload_qr"": """", ""enter_code"": """", ""state_label"": """", ""accept_terms"": """", ""country_label"": """", ""language_label"": """", ""continue_button"": """", ""welcome_heading"": """", ""welcome_subtitle"": """", ""terms_and_conditions"": """"}",2025-07-14 12:51:28.103,spanish,"{""upload_qr"": ""Upload QR Code"", ""enter_code"": ""Enter Referral Code"", ""state_label"": ""Select State"", ""accept_terms"": ""I accept the terms and conditions"", ""country_label"": ""Select Country"", ""language_label"": ""Select Language"", ""continue_button"": ""Continue"", ""welcome_heading"": ""Welcome to CONNECTA"", ""welcome_subtitle"": ""Please upload your QR code or enter the referral code"", ""terms_and_conditions"": ""Terms and Conditions""}","[""welcome_heading"", ""welcome_subtitle"", ""upload_qr"", ""enter_code"", ""continue_button"", ""accept_terms"", ""terms_and_conditions"", ""language_label"", ""country_label"", ""state_label""]",es
231c0951-0886-43c8-a391-ae8e4ff7a10a,"{""upload_qr"": """", ""enter_code"": """", ""state_label"": """", ""accept_terms"": """", ""country_label"": """", ""language_label"": """", ""continue_button"": """", ""welcome_heading"": """", ""welcome_subtitle"": """", ""terms_and_conditions"": """"}",2025-07-14 12:51:21.88,afrikaans,"{""upload_qr"": ""Upload QR Code"", ""enter_code"": ""Enter Referral Code"", ""state_label"": ""Select State"", ""accept_terms"": ""I accept the terms and conditions"", ""country_label"": ""Select Country"", ""language_label"": ""Select Language"", ""continue_button"": ""Continue"", ""welcome_heading"": ""Welcome to CONNECTA"", ""welcome_subtitle"": ""Please upload your QR code or enter the referral code"", ""terms_and_conditions"": ""Terms and Conditions""}","[""welcome_heading"", ""welcome_subtitle"", ""upload_qr"", ""enter_code"", ""continue_button"", ""accept_terms"", ""terms_and_conditions"", ""language_label"", ""country_label"", ""state_label""]",af
c6e9ab7f-ea77-4b90-8795-5c1315f83e1f,"{""upload_qr"": """", ""enter_code"": """", ""state_label"": """", ""accept_terms"": """", ""country_label"": """", ""language_label"": """", ""continue_button"": """", ""welcome_heading"": """", ""welcome_subtitle"": """", ""terms_and_conditions"": """"}",2025-07-14 12:51:23.914,egyptian_arabic,"{""upload_qr"": ""Upload QR Code"", ""enter_code"": ""Enter Referral Code"", ""state_label"": ""Select State"", ""accept_terms"": ""I accept the terms and conditions"", ""country_label"": ""Select Country"", ""language_label"": ""Select Language"", ""continue_button"": ""Continue"", ""welcome_heading"": ""Welcome to CONNECTA"", ""welcome_subtitle"": ""Please upload your QR code or enter the referral code"", ""terms_and_conditions"": ""Terms and Conditions""}","[""welcome_heading"", ""welcome_subtitle"", ""upload_qr"", ""enter_code"", ""continue_button"", ""accept_terms"", ""terms_and_conditions"", ""language_label"", ""country_label"", ""state_label""]",arz
99cff182-dd8a-41a0-8a22-108d7643f98d,"{""upload_qr"": """", ""enter_code"": """", ""state_label"": """", ""accept_terms"": """", ""country_label"": """", ""language_label"": """", ""continue_button"": """", ""welcome_heading"": """", ""welcome_subtitle"": """", ""terms_and_conditions"": """"}",2025-07-14 12:51:22.637,amharic,"{""upload_qr"": ""Upload QR Code"", ""enter_code"": ""Enter Referral Code"", ""state_label"": ""Select State"", ""accept_terms"": ""I accept the terms and conditions"", ""country_label"": ""Select Country"", ""language_label"": ""Select Language"", ""continue_button"": ""Continue"", ""welcome_heading"": ""Welcome to CONNECTA"", ""welcome_subtitle"": ""Please upload your QR code or enter the referral code"", ""terms_and_conditions"": ""Terms and Conditions""}","[""welcome_heading"", ""welcome_subtitle"", ""upload_qr"", ""enter_code"", ""continue_button"", ""accept_terms"", ""terms_and_conditions"", ""language_label"", ""country_label"", ""state_label""]",am
503199f5-7c72-4237-ae99-a9f5da0af04e,"{""upload_qr"": """", ""enter_code"": """", ""state_label"": """", ""accept_terms"": """", ""country_label"": """", ""language_label"": """", ""continue_button"": """", ""welcome_heading"": """", ""welcome_subtitle"": """", ""terms_and_conditions"": """"}",2025-07-14 12:51:27.244,portuguese_portugal,"{""upload_qr"": ""Upload QR Code"", ""enter_code"": ""Enter Referral Code"", ""state_label"": ""Select State"", ""accept_terms"": ""I accept the terms and conditions"", ""country_label"": ""Select Country"", ""language_label"": ""Select Language"", ""continue_button"": ""Continue"", ""welcome_heading"": ""Welcome to CONNECTA"", ""welcome_subtitle"": ""Please upload your QR code or enter the referral code"", ""terms_and_conditions"": ""Terms and Conditions""}","[""welcome_heading"", ""welcome_subtitle"", ""upload_qr"", ""enter_code"", ""continue_button"", ""accept_terms"", ""terms_and_conditions"", ""language_label"", ""country_label"", ""state_label""]","pt-PT
"
3390db72-da74-4d8c-9cf8-74d035293681,"{""upload_qr"": """", ""enter_code"": """", ""state_label"": """", ""accept_terms"": """", ""country_label"": """", ""language_label"": """", ""continue_button"": """", ""welcome_heading"": """", ""welcome_subtitle"": """", ""terms_and_conditions"": """"}",2025-07-14 12:51:24.002,estonian,"{""upload_qr"": ""Upload QR Code"", ""enter_code"": ""Enter Referral Code"", ""state_label"": ""Select State"", ""accept_terms"": ""I accept the terms and conditions"", ""country_label"": ""Select Country"", ""language_label"": ""Select Language"", ""continue_button"": ""Continue"", ""welcome_heading"": ""Welcome to CONNECTA"", ""welcome_subtitle"": ""Please upload your QR code or enter the referral code"", ""terms_and_conditions"": ""Terms and Conditions""}","[""upload_qr"", ""enter_code"", ""state_label"", ""accept_terms"", ""country_label"", ""language_label"", ""continue_button"", ""welcome_heading"", ""welcome_subtitle"", ""terms_and_conditions""]",et
75e5b36a-9fa0-473c-8419-4f9b76818bef,"{""upload_qr"": """", ""enter_code"": """", ""state_label"": """", ""accept_terms"": """", ""country_label"": """", ""language_label"": """", ""continue_button"": """", ""welcome_heading"": """", ""welcome_subtitle"": """", ""terms_and_conditions"": """"}",2025-07-14 12:51:25.749,kyrgyz,"{""upload_qr"": ""Upload QR Code"", ""enter_code"": ""Enter Referral Code"", ""state_label"": ""Select State"", ""accept_terms"": ""I accept the terms and conditions"", ""country_label"": ""Select Country"", ""language_label"": ""Select Language"", ""continue_button"": ""Continue"", ""welcome_heading"": ""Welcome to CONNECTA"", ""welcome_subtitle"": ""Please upload your QR code or enter the referral code"", ""terms_and_conditions"": ""Terms and Conditions""}","[""welcome_heading"", ""welcome_subtitle"", ""upload_qr"", ""enter_code"", ""continue_button"", ""accept_terms"", ""terms_and_conditions"", ""language_label"", ""country_label"", ""state_label""]",ky
14457ea6-106e-4181-8003-fda8fc8161e7,"{""upload_qr"": ""QR-Code hochladen"", ""enter_code"": ""Empfehlungscode eingeben"", ""state_label"": ""Bundesland auswählen"", ""accept_terms"": ""Ich akzeptiere die Allgemeinen Geschäftsbedingungen"", ""country_label"": ""Land auswählen"", ""language_label"": ""Sprache auswählen"", ""continue_button"": ""Weiter"", ""welcome_heading"": ""Willkommen bei CONNECTA"", ""welcome_subtitle"": ""Bitte laden Sie Ihren QR-Code hoch oder geben Sie den Empfehlungscode ein"", ""terms_and_conditions"": ""Allgemeine Geschäftsbedingungen""}",,de,"{""upload_qr"": ""Upload QR Code"", ""enter_code"": ""Enter Referral Code"", ""state_label"": ""Select State"", ""accept_terms"": ""I accept the terms and conditions"", ""country_label"": ""Select Country"", ""language_label"": ""Select Language"", ""continue_button"": ""Continue"", ""welcome_heading"": ""Welcome to CONNECTA"", ""welcome_subtitle"": ""Please upload your QR code or enter the referral code"", ""terms_and_conditions"": ""Terms and Conditions""}","[""upload_qr"", ""enter_code"", ""state_label"", ""accept_terms"", ""country_label"", ""language_label"", ""continue_button"", ""welcome_heading"", ""welcome_subtitle"", ""terms_and_conditions""]",de
e43ef93e-7170-4b6d-bce6-588903f31ff0,"{""upload_qr"": """", ""enter_code"": """", ""state_label"": """", ""accept_terms"": """", ""country_label"": """", ""language_label"": """", ""continue_button"": """", ""welcome_heading"": """", ""welcome_subtitle"": """", ""terms_and_conditions"": """"}",2025-07-13 12:57:05.811,belarusian,"{""upload_qr"": ""Upload QR Code"", ""enter_code"": ""Enter Referral Code"", ""state_label"": ""Select State"", ""accept_terms"": ""I accept the terms and conditions"", ""country_label"": ""Select Country"", ""language_label"": ""Select Language"", ""continue_button"": ""Continue"", ""welcome_heading"": ""Welcome to CONNECTA"", ""welcome_subtitle"": ""Please upload your QR code or enter the referral code"", ""terms_and_conditions"": ""Terms and Conditions""}","[""welcome_heading"", ""welcome_subtitle"", ""upload_qr"", ""enter_code"", ""continue_button"", ""accept_terms"", ""terms_and_conditions"", ""language_label"", ""country_label"", ""state_label""]","be
"
b92a1cf7-47e4-415b-a493-db27633f96cc,"{""upload_qr"": """", ""enter_code"": """", ""state_label"": """", ""accept_terms"": """", ""country_label"": """", ""language_label"": """", ""continue_button"": """", ""welcome_heading"": """", ""welcome_subtitle"": """", ""terms_and_conditions"": """"}",2025-07-13 12:57:06.06,english (australia),"{""upload_qr"": ""Upload QR Code"", ""enter_code"": ""Enter Referral Code"", ""state_label"": ""Select State"", ""accept_terms"": ""I accept the terms and conditions"", ""country_label"": ""Select Country"", ""language_label"": ""Select Language"", ""continue_button"": ""Continue"", ""welcome_heading"": ""Welcome to CONNECTA"", ""welcome_subtitle"": ""Please upload your QR code or enter the referral code"", ""terms_and_conditions"": ""Terms and Conditions""}","[""welcome_heading"", ""welcome_subtitle"", ""upload_qr"", ""enter_code"", ""continue_button"", ""accept_terms"", ""terms_and_conditions"", ""language_label"", ""country_label"", ""state_label""]","en-AU
"
2f4f2b82-d555-4313-9fd5-39f17b3da981,"{""upload_qr"": """", ""enter_code"": """", ""state_label"": """", ""accept_terms"": """", ""country_label"": """", ""language_label"": """", ""continue_button"": """", ""welcome_heading"": """", ""welcome_subtitle"": """", ""terms_and_conditions"": """"}",2025-07-13 12:57:06.134,english (canada),"{""upload_qr"": ""Upload QR Code"", ""enter_code"": ""Enter Referral Code"", ""state_label"": ""Select State"", ""accept_terms"": ""I accept the terms and conditions"", ""country_label"": ""Select Country"", ""language_label"": ""Select Language"", ""continue_button"": ""Continue"", ""welcome_heading"": ""Welcome to CONNECTA"", ""welcome_subtitle"": ""Please upload your QR code or enter the referral code"", ""terms_and_conditions"": ""Terms and Conditions""}","[""welcome_heading"", ""welcome_subtitle"", ""upload_qr"", ""enter_code"", ""continue_button"", ""accept_terms"", ""terms_and_conditions"", ""language_label"", ""country_label"", ""state_label""]","en-CA
"
8020a187-842a-4806-aef9-9b650d0df2ed,"{""upload_qr"": """", ""enter_code"": """", ""state_label"": """", ""accept_terms"": """", ""country_label"": """", ""language_label"": """", ""continue_button"": """", ""welcome_heading"": """", ""welcome_subtitle"": """", ""terms_and_conditions"": """"}",2025-07-13 12:57:06.28,english (united kingdom),"{""upload_qr"": ""Upload QR Code"", ""enter_code"": ""Enter Referral Code"", ""state_label"": ""Select State"", ""accept_terms"": ""I accept the terms and conditions"", ""country_label"": ""Select Country"", ""language_label"": ""Select Language"", ""continue_button"": ""Continue"", ""welcome_heading"": ""Welcome to CONNECTA"", ""welcome_subtitle"": ""Please upload your QR code or enter the referral code"", ""terms_and_conditions"": ""Terms and Conditions""}","[""welcome_heading"", ""welcome_subtitle"", ""upload_qr"", ""enter_code"", ""continue_button"", ""accept_terms"", ""terms_and_conditions"", ""language_label"", ""country_label"", ""state_label""]","en-GB
"
e8448795-eb43-4722-aff1-754b5a0695d9,"{""upload_qr"": ""QR কোড আপলোড করুন"", ""enter_code"": ""কোড লিখুন"", ""state_label"": ""রাজ্য"", ""accept_terms"": ""শর্তাবলী মেনে "", ""country_label"": ""দেশ"", ""language_label"": ""ভাষা"", ""continue_button"": ""চালিয়ে যান"", ""welcome_heading"": ""CONNECTA-  কোড লিখুন কোড লিখুন"", ""welcome_subtitle"": ""আপনার QR কোড আপলোড করুন অথবা রেফারেল কোড লিখুন"", ""terms_and_conditions"": ""কোড লিখুন""}",2025-07-13 12:57:05.909,bangla,"{""upload_qr"": ""Upload QR Code"", ""enter_code"": ""Enter Referral Code"", ""state_label"": ""Select State"", ""accept_terms"": ""I accept the terms and conditions"", ""country_label"": ""Select Country"", ""language_label"": ""Select Language"", ""continue_button"": ""Continue"", ""welcome_heading"": ""Welcome to CONNECTA"", ""welcome_subtitle"": ""Please upload your QR code or enter the referral code"", ""terms_and_conditions"": ""Terms and Conditions""}","[""welcome_heading"", ""welcome_subtitle"", ""upload_qr"", ""enter_code"", ""continue_button"", ""accept_terms"", ""terms_and_conditions"", ""language_label"", ""country_label"", ""state_label""]","bn-BD
"
58f56eac-72c1-4e89-bf1a-07459011c9e0,"{""upload_qr"": ""QR ಕೋಡ್ ಅಪ್‌ಲೋಡ್ ಮಾಡಿ"", ""enter_code"": ""ಕೋಡ್ ನಮೂದಿಸಿ"", ""state_label"": ""ರಾಜ್ಯ"", ""accept_terms"": ""ನಾನು ನಿಯಮಗಳನ್ನು ಮತ್ತು ಶರತ್ತುಗಳನ್ನು ಒಪ್ಪಿಕೊಳ್ಳುತ್ತೇನೆ"", ""country_label"": ""ದೇಶ"", ""language_label"": ""ಭಾಷೆ"", ""continue_button"": ""ಮುಂದುವರಿಸಿ"", ""welcome_heading"": ""CONNECTA ಗೆ ಸ್ವಾಗತ"", ""welcome_subtitle"": ""ದಯವಿಟ್ಟು ನಿಮ್ಮ QR ಕೋಡ್ ಅನ್ನು ಅಪ್‌ಲೋಡ್ ಮಾಡಿ ಅಥವಾ ರೆಫರಲ್ ಕೋಡ್ ಅನ್ನು ನಮೂದಿಸಿ"", ""terms_and_conditions"": ""ನಿಯಮಗಳು ಮತ್ತು ಷರತ್ತುಗಳು""}",2025-07-14 12:51:25.33,kannada,"{""upload_qr"": ""Upload QR Code"", ""enter_code"": ""Enter Referral Code"", ""state_label"": ""Select State"", ""accept_terms"": ""I accept the terms and conditions"", ""country_label"": ""Select Country"", ""language_label"": ""Select Language"", ""continue_button"": ""Continue"", ""welcome_heading"": ""Welcome to CONNECTA"", ""welcome_subtitle"": ""Please upload your QR code or enter the referral code"", ""terms_and_conditions"": ""Terms and Conditions""}","[""welcome_heading"", ""welcome_subtitle"", ""upload_qr"", ""enter_code"", ""continue_button"", ""accept_terms"", ""terms_and_conditions"", ""language_label"", ""country_label"", ""state_label""]",kn
e6b44b72-cd62-460c-8aae-28bcc75c4b0f,"{""upload_qr"": """", ""enter_code"": """", ""state_label"": """", ""accept_terms"": """", ""country_label"": """", ""language_label"": """", ""continue_button"": """", ""welcome_heading"": """", ""welcome_subtitle"": """", ""terms_and_conditions"": """"}",2025-07-14 12:51:22.538,albanian,"{""upload_qr"": ""Upload QR Code"", ""enter_code"": ""Enter Referral Code"", ""state_label"": ""Select State"", ""accept_terms"": ""I accept the terms and conditions"", ""country_label"": ""Select Country"", ""language_label"": ""Select Language"", ""continue_button"": ""Continue"", ""welcome_heading"": ""Welcome to CONNECTA"", ""welcome_subtitle"": ""Please upload your QR code or enter the referral code"", ""terms_and_conditions"": ""Terms and Conditions""}","[""welcome_heading"", ""welcome_subtitle"", ""upload_qr"", ""enter_code"", ""continue_button"", ""accept_terms"", ""terms_and_conditions"", ""language_label"", ""country_label"", ""state_label""]",sq
ec6a0034-4c35-47aa-80fc-ff206ac1cf7e,"{""upload_qr"": """", ""enter_code"": """", ""state_label"": """", ""accept_terms"": """", ""country_label"": """", ""language_label"": """", ""continue_button"": """", ""welcome_heading"": """", ""welcome_subtitle"": """", ""terms_and_conditions"": """"}",2025-07-14 12:51:22.738,armenian,"{""upload_qr"": ""Upload QR Code"", ""enter_code"": ""Enter Referral Code"", ""state_label"": ""Select State"", ""accept_terms"": ""I accept the terms and conditions"", ""country_label"": ""Select Country"", ""language_label"": ""Select Language"", ""continue_button"": ""Continue"", ""welcome_heading"": ""Welcome to CONNECTA"", ""welcome_subtitle"": ""Please upload your QR code or enter the referral code"", ""terms_and_conditions"": ""Terms and Conditions""}","[""welcome_heading"", ""welcome_subtitle"", ""upload_qr"", ""enter_code"", ""continue_button"", ""accept_terms"", ""terms_and_conditions"", ""language_label"", ""country_label"", ""state_label""]",hy
5c444a05-c3f2-4935-b966-dcd66913ac47,"{""upload_qr"": """", ""enter_code"": """", ""state_label"": """", ""accept_terms"": """", ""country_label"": """", ""language_label"": """", ""continue_button"": """", ""welcome_heading"": """", ""welcome_subtitle"": """", ""terms_and_conditions"": """"}",2025-07-14 12:51:22.847,azerbaijani,"{""upload_qr"": ""Upload QR Code"", ""enter_code"": ""Enter Referral Code"", ""state_label"": ""Select State"", ""accept_terms"": ""I accept the terms and conditions"", ""country_label"": ""Select Country"", ""language_label"": ""Select Language"", ""continue_button"": ""Continue"", ""welcome_heading"": ""Welcome to CONNECTA"", ""welcome_subtitle"": ""Please upload your QR code or enter the referral code"", ""terms_and_conditions"": ""Terms and Conditions""}","[""welcome_heading"", ""welcome_subtitle"", ""upload_qr"", ""enter_code"", ""continue_button"", ""accept_terms"", ""terms_and_conditions"", ""language_label"", ""country_label"", ""state_label""]",az
5e3d38d5-b31c-4816-b763-0f8d32a91b07,"{""upload_qr"": """", ""enter_code"": """", ""state_label"": """", ""accept_terms"": """", ""country_label"": """", ""language_label"": """", ""continue_button"": """", ""welcome_heading"": """", ""welcome_subtitle"": """", ""terms_and_conditions"": """"}",2025-07-14 12:51:23.026,bengali,"{""upload_qr"": ""Upload QR Code"", ""enter_code"": ""Enter Referral Code"", ""state_label"": ""Select State"", ""accept_terms"": ""I accept the terms and conditions"", ""country_label"": ""Select Country"", ""language_label"": ""Select Language"", ""continue_button"": ""Continue"", ""welcome_heading"": ""Welcome to CONNECTA"", ""welcome_subtitle"": ""Please upload your QR code or enter the referral code"", ""terms_and_conditions"": ""Terms and Conditions""}","[""welcome_heading"", ""welcome_subtitle"", ""upload_qr"", ""enter_code"", ""continue_button"", ""accept_terms"", ""terms_and_conditions"", ""language_label"", ""country_label"", ""state_label""]",bn
d83ac501-e189-4d91-986e-c9d137d7a80a,"{""upload_qr"": """", ""enter_code"": """", ""state_label"": """", ""accept_terms"": """", ""country_label"": """", ""language_label"": """", ""continue_button"": """", ""welcome_heading"": """", ""welcome_subtitle"": """", ""terms_and_conditions"": """"}",2025-07-14 12:51:23.124,bulgarian,"{""upload_qr"": ""Upload QR Code"", ""enter_code"": ""Enter Referral Code"", ""state_label"": ""Select State"", ""accept_terms"": ""I accept the terms and conditions"", ""country_label"": ""Select Country"", ""language_label"": ""Select Language"", ""continue_button"": ""Continue"", ""welcome_heading"": ""Welcome to CONNECTA"", ""welcome_subtitle"": ""Please upload your QR code or enter the referral code"", ""terms_and_conditions"": ""Terms and Conditions""}","[""welcome_heading"", ""welcome_subtitle"", ""upload_qr"", ""enter_code"", ""continue_button"", ""accept_terms"", ""terms_and_conditions"", ""language_label"", ""country_label"", ""state_label""]",bg
7578e633-3796-4baf-af3b-054e18a87549,"{""upload_qr"": """", ""enter_code"": """", ""state_label"": """", ""accept_terms"": """", ""country_label"": """", ""language_label"": """", ""continue_button"": """", ""welcome_heading"": """", ""welcome_subtitle"": """", ""terms_and_conditions"": """"}",2025-07-14 12:51:23.287,catalan,"{""upload_qr"": ""Upload QR Code"", ""enter_code"": ""Enter Referral Code"", ""state_label"": ""Select State"", ""accept_terms"": ""I accept the terms and conditions"", ""country_label"": ""Select Country"", ""language_label"": ""Select Language"", ""continue_button"": ""Continue"", ""welcome_heading"": ""Welcome to CONNECTA"", ""welcome_subtitle"": ""Please upload your QR code or enter the referral code"", ""terms_and_conditions"": ""Terms and Conditions""}","[""welcome_heading"", ""welcome_subtitle"", ""upload_qr"", ""enter_code"", ""continue_button"", ""accept_terms"", ""terms_and_conditions"", ""language_label"", ""country_label"", ""state_label""]",ca
730420c4-9b7f-4938-9623-b3162bbb3c3d,"{""upload_qr"": """", ""enter_code"": """", ""state_label"": """", ""accept_terms"": """", ""country_label"": """", ""language_label"": """", ""continue_button"": """", ""welcome_heading"": """", ""welcome_subtitle"": """", ""terms_and_conditions"": """"}",2025-07-14 12:51:23.449,chinese_simplified,"{""upload_qr"": ""Upload QR Code"", ""enter_code"": ""Enter Referral Code"", ""state_label"": ""Select State"", ""accept_terms"": ""I accept the terms and conditions"", ""country_label"": ""Select Country"", ""language_label"": ""Select Language"", ""continue_button"": ""Continue"", ""welcome_heading"": ""Welcome to CONNECTA"", ""welcome_subtitle"": ""Please upload your QR code or enter the referral code"", ""terms_and_conditions"": ""Terms and Conditions""}","[""welcome_heading"", ""welcome_subtitle"", ""upload_qr"", ""enter_code"", ""continue_button"", ""accept_terms"", ""terms_and_conditions"", ""language_label"", ""country_label"", ""state_label""]",zh-CN
57aa1099-b737-4f5d-8f4d-c7ca9d220718,"{""upload_qr"": """", ""enter_code"": """", ""state_label"": """", ""accept_terms"": """", ""country_label"": """", ""language_label"": """", ""continue_button"": """", ""welcome_heading"": """", ""welcome_subtitle"": """", ""terms_and_conditions"": """"}",2025-07-14 12:51:23.547,chinese_traditional,"{""upload_qr"": ""Upload QR Code"", ""enter_code"": ""Enter Referral Code"", ""state_label"": ""Select State"", ""accept_terms"": ""I accept the terms and conditions"", ""country_label"": ""Select Country"", ""language_label"": ""Select Language"", ""continue_button"": ""Continue"", ""welcome_heading"": ""Welcome to CONNECTA"", ""welcome_subtitle"": ""Please upload your QR code or enter the referral code"", ""terms_and_conditions"": ""Terms and Conditions""}","[""welcome_heading"", ""welcome_subtitle"", ""upload_qr"", ""enter_code"", ""continue_button"", ""accept_terms"", ""terms_and_conditions"", ""language_label"", ""country_label"", ""state_label""]",zh-TW
ae65ac95-1984-4cdb-bd8a-e463f33811de,"{""upload_qr"": """", ""enter_code"": """", ""state_label"": """", ""accept_terms"": """", ""country_label"": """", ""language_label"": """", ""continue_button"": """", ""welcome_heading"": """", ""welcome_subtitle"": """", ""terms_and_conditions"": """"}",2025-07-14 12:51:23.618,croatian,"{""upload_qr"": ""Upload QR Code"", ""enter_code"": ""Enter Referral Code"", ""state_label"": ""Select State"", ""accept_terms"": ""I accept the terms and conditions"", ""country_label"": ""Select Country"", ""language_label"": ""Select Language"", ""continue_button"": ""Continue"", ""welcome_heading"": ""Welcome to CONNECTA"", ""welcome_subtitle"": ""Please upload your QR code or enter the referral code"", ""terms_and_conditions"": ""Terms and Conditions""}","[""welcome_heading"", ""welcome_subtitle"", ""upload_qr"", ""enter_code"", ""continue_button"", ""accept_terms"", ""terms_and_conditions"", ""language_label"", ""country_label"", ""state_label""]",hr
bfe55a51-5573-4f22-b978-470d0a28e3f0,"{""upload_qr"": """", ""enter_code"": """", ""state_label"": """", ""accept_terms"": """", ""country_label"": """", ""language_label"": """", ""continue_button"": """", ""welcome_heading"": """", ""welcome_subtitle"": """", ""terms_and_conditions"": """"}",2025-07-14 12:51:23.683,czech,"{""upload_qr"": ""Upload QR Code"", ""enter_code"": ""Enter Referral Code"", ""state_label"": ""Select State"", ""accept_terms"": ""I accept the terms and conditions"", ""country_label"": ""Select Country"", ""language_label"": ""Select Language"", ""continue_button"": ""Continue"", ""welcome_heading"": ""Welcome to CONNECTA"", ""welcome_subtitle"": ""Please upload your QR code or enter the referral code"", ""terms_and_conditions"": ""Terms and Conditions""}","[""welcome_heading"", ""welcome_subtitle"", ""upload_qr"", ""enter_code"", ""continue_button"", ""accept_terms"", ""terms_and_conditions"", ""language_label"", ""country_label"", ""state_label""]",cs
274a9fe2-2834-4870-a771-3791c84a3379,"{""upload_qr"": """", ""enter_code"": """", ""state_label"": """", ""accept_terms"": """", ""country_label"": """", ""language_label"": """", ""continue_button"": """", ""welcome_heading"": """", ""welcome_subtitle"": """", ""terms_and_conditions"": """"}",2025-07-14 12:51:23.829,dutch,"{""upload_qr"": ""Upload QR Code"", ""enter_code"": ""Enter Referral Code"", ""state_label"": ""Select State"", ""accept_terms"": ""I accept the terms and conditions"", ""country_label"": ""Select Country"", ""language_label"": ""Select Language"", ""continue_button"": ""Continue"", ""welcome_heading"": ""Welcome to CONNECTA"", ""welcome_subtitle"": ""Please upload your QR code or enter the referral code"", ""terms_and_conditions"": ""Terms and Conditions""}","[""welcome_heading"", ""welcome_subtitle"", ""upload_qr"", ""enter_code"", ""continue_button"", ""accept_terms"", ""terms_and_conditions"", ""language_label"", ""country_label"", ""state_label""]",nl
e08e9f9f-c8a6-48bb-9a9b-0ba62e22be2d,"{""upload_qr"": """", ""enter_code"": """", ""state_label"": """", ""accept_terms"": """", ""country_label"": """", ""language_label"": """", ""continue_button"": """", ""welcome_heading"": """", ""welcome_subtitle"": """", ""terms_and_conditions"": """"}",2025-07-13 12:57:05.99,english,"{""upload_qr"": ""Upload QR Code"", ""enter_code"": ""Enter Referral Code"", ""state_label"": ""Select State"", ""accept_terms"": ""I accept the terms and conditions"", ""country_label"": ""Select Country"", ""language_label"": ""Select Language"", ""continue_button"": ""Continue"", ""welcome_heading"": ""Welcome to CONNECTA"", ""welcome_subtitle"": ""Please upload your QR code or enter the referral code"", ""terms_and_conditions"": ""Terms and Conditions""}","[""welcome_heading"", ""welcome_subtitle"", ""upload_qr"", ""enter_code"", ""continue_button"", ""accept_terms"", ""terms_and_conditions"", ""language_label"", ""country_label"", ""state_label""]",en
85d35275-5327-4963-bf5d-6981e19e9952,"{""upload_qr"": """", ""enter_code"": """", ""state_label"": """", ""accept_terms"": """", ""country_label"": """", ""language_label"": """", ""continue_button"": """", ""welcome_heading"": """", ""welcome_subtitle"": """", ""terms_and_conditions"": """"}",2025-07-13 12:57:06.608,filipino,"{""upload_qr"": ""Upload QR Code"", ""enter_code"": ""Enter Referral Code"", ""state_label"": ""Select State"", ""accept_terms"": ""I accept the terms and conditions"", ""country_label"": ""Select Country"", ""language_label"": ""Select Language"", ""continue_button"": ""Continue"", ""welcome_heading"": ""Welcome to CONNECTA"", ""welcome_subtitle"": ""Please upload your QR code or enter the referral code"", ""terms_and_conditions"": ""Terms and Conditions""}","[""welcome_heading"", ""welcome_subtitle"", ""upload_qr"", ""enter_code"", ""continue_button"", ""accept_terms"", ""terms_and_conditions"", ""language_label"", ""country_label"", ""state_label""]",tl
39cd4881-6408-4301-af73-f75c013120ed,"{""upload_qr"": """", ""enter_code"": """", ""state_label"": """", ""accept_terms"": """", ""country_label"": """", ""language_label"": """", ""continue_button"": """", ""welcome_heading"": """", ""welcome_subtitle"": """", ""terms_and_conditions"": """"}",2025-07-14 12:51:24.084,finnish,"{""upload_qr"": ""Upload QR Code"", ""enter_code"": ""Enter Referral Code"", ""state_label"": ""Select State"", ""accept_terms"": ""I accept the terms and conditions"", ""country_label"": ""Select Country"", ""language_label"": ""Select Language"", ""continue_button"": ""Continue"", ""welcome_heading"": ""Welcome to CONNECTA"", ""welcome_subtitle"": ""Please upload your QR code or enter the referral code"", ""terms_and_conditions"": ""Terms and Conditions""}","[""welcome_heading"", ""welcome_subtitle"", ""upload_qr"", ""enter_code"", ""continue_button"", ""accept_terms"", ""terms_and_conditions"", ""language_label"", ""country_label"", ""state_label""]",fi
ae133435-d47f-4890-9ec6-e329c049d349,"{""upload_qr"": """", ""enter_code"": """", ""state_label"": """", ""accept_terms"": """", ""country_label"": """", ""language_label"": """", ""continue_button"": """", ""welcome_heading"": """", ""welcome_subtitle"": """", ""terms_and_conditions"": """"}",2025-07-14 12:51:24.151,french,"{""upload_qr"": ""Upload QR Code"", ""enter_code"": ""Enter Referral Code"", ""state_label"": ""Select State"", ""accept_terms"": ""I accept the terms and conditions"", ""country_label"": ""Select Country"", ""language_label"": ""Select Language"", ""continue_button"": ""Continue"", ""welcome_heading"": ""Welcome to CONNECTA"", ""welcome_subtitle"": ""Please upload your QR code or enter the referral code"", ""terms_and_conditions"": ""Terms and Conditions""}","[""welcome_heading"", ""welcome_subtitle"", ""upload_qr"", ""enter_code"", ""continue_button"", ""accept_terms"", ""terms_and_conditions"", ""language_label"", ""country_label"", ""state_label""]",fr
c3a862cc-8e41-434c-aae1-5d2183667a01,"{""upload_qr"": """", ""enter_code"": """", ""state_label"": """", ""accept_terms"": """", ""country_label"": """", ""language_label"": """", ""continue_button"": """", ""welcome_heading"": """", ""welcome_subtitle"": """", ""terms_and_conditions"": """"}",2025-07-14 12:51:24.374,galician,"{""upload_qr"": ""Upload QR Code"", ""enter_code"": ""Enter Referral Code"", ""state_label"": ""Select State"", ""accept_terms"": ""I accept the terms and conditions"", ""country_label"": ""Select Country"", ""language_label"": ""Select Language"", ""continue_button"": ""Continue"", ""welcome_heading"": ""Welcome to CONNECTA"", ""welcome_subtitle"": ""Please upload your QR code or enter the referral code"", ""terms_and_conditions"": ""Terms and Conditions""}","[""welcome_heading"", ""welcome_subtitle"", ""upload_qr"", ""enter_code"", ""continue_button"", ""accept_terms"", ""terms_and_conditions"", ""language_label"", ""country_label"", ""state_label""]",gl
9bd07900-0a17-42b4-bd70-273aa2ec379b,"{""upload_qr"": """", ""enter_code"": """", ""state_label"": """", ""accept_terms"": """", ""country_label"": """", ""language_label"": """", ""continue_button"": """", ""welcome_heading"": """", ""welcome_subtitle"": """", ""terms_and_conditions"": """"}",2025-07-14 12:51:24.442,georgian,"{""upload_qr"": ""Upload QR Code"", ""enter_code"": ""Enter Referral Code"", ""state_label"": ""Select State"", ""accept_terms"": ""I accept the terms and conditions"", ""country_label"": ""Select Country"", ""language_label"": ""Select Language"", ""continue_button"": ""Continue"", ""welcome_heading"": ""Welcome to CONNECTA"", ""welcome_subtitle"": ""Please upload your QR code or enter the referral code"", ""terms_and_conditions"": ""Terms and Conditions""}","[""welcome_heading"", ""welcome_subtitle"", ""upload_qr"", ""enter_code"", ""continue_button"", ""accept_terms"", ""terms_and_conditions"", ""language_label"", ""country_label"", ""state_label""]",ka
588fb687-892c-4ae7-9c69-1e07a54fae66,"{""upload_qr"": """", ""enter_code"": """", ""state_label"": """", ""accept_terms"": """", ""country_label"": """", ""language_label"": """", ""continue_button"": """", ""welcome_heading"": """", ""welcome_subtitle"": """", ""terms_and_conditions"": """"}",2025-07-14 12:51:24.513,german,"{""upload_qr"": ""Upload QR Code"", ""enter_code"": ""Enter Referral Code"", ""state_label"": ""Select State"", ""accept_terms"": ""I accept the terms and conditions"", ""country_label"": ""Select Country"", ""language_label"": ""Select Language"", ""continue_button"": ""Continue"", ""welcome_heading"": ""Welcome to CONNECTA"", ""welcome_subtitle"": ""Please upload your QR code or enter the referral code"", ""terms_and_conditions"": ""Terms and Conditions""}","[""welcome_heading"", ""welcome_subtitle"", ""upload_qr"", ""enter_code"", ""continue_button"", ""accept_terms"", ""terms_and_conditions"", ""language_label"", ""country_label"", ""state_label""]",de
3b56d9f5-f0e5-4c95-8252-d17b7280bfc0,"{""upload_qr"": """", ""enter_code"": """", ""state_label"": """", ""accept_terms"": """", ""country_label"": """", ""language_label"": """", ""continue_button"": """", ""welcome_heading"": """", ""welcome_subtitle"": """", ""terms_and_conditions"": """"}",2025-07-14 12:51:24.596,greek,"{""upload_qr"": ""Upload QR Code"", ""enter_code"": ""Enter Referral Code"", ""state_label"": ""Select State"", ""accept_terms"": ""I accept the terms and conditions"", ""country_label"": ""Select Country"", ""language_label"": ""Select Language"", ""continue_button"": ""Continue"", ""welcome_heading"": ""Welcome to CONNECTA"", ""welcome_subtitle"": ""Please upload your QR code or enter the referral code"", ""terms_and_conditions"": ""Terms and Conditions""}","[""welcome_heading"", ""welcome_subtitle"", ""upload_qr"", ""enter_code"", ""continue_button"", ""accept_terms"", ""terms_and_conditions"", ""language_label"", ""country_label"", ""state_label""]",el
ee2b5de1-c36f-428e-8751-f71945745937,"{""upload_qr"": ""QR કોડ અપલોડ કરો"", ""enter_code"": ""કોડ દાખલ કરો"", ""state_label"": ""રાજ્ય"", ""accept_terms"": ""હું નિયમો અને શરતો સ્વીકારું છું"", ""country_label"": ""દેશ"", ""language_label"": ""ભાષા"", ""continue_button"": ""ચાલુ રાખો"", ""welcome_heading"": ""CONNECTA માં આપનું સ્વાગત છે"", ""welcome_subtitle"": ""કૃપા કરીને તમારો QR કોડ અપલોડ કરો અથવા રેફરલ કોડ દાખલ કરો"", ""terms_and_conditions"": ""નિયમો અને શરતો""}",2025-07-14 12:51:24.669,gujarati,"{""upload_qr"": ""Upload QR Code"", ""enter_code"": ""Enter Referral Code"", ""state_label"": ""Select State"", ""accept_terms"": ""I accept the terms and conditions"", ""country_label"": ""Select Country"", ""language_label"": ""Select Language"", ""continue_button"": ""Continue"", ""welcome_heading"": ""Welcome to CONNECTA"", ""welcome_subtitle"": ""Please upload your QR code or enter the referral code"", ""terms_and_conditions"": ""Terms and Conditions""}","[""welcome_heading"", ""welcome_subtitle"", ""upload_qr"", ""enter_code"", ""continue_button"", ""accept_terms"", ""terms_and_conditions"", ""language_label"", ""country_label"", ""state_label""]",gu
198c782f-c612-4342-b512-b22d5b0600dd,"{""upload_qr"": ""क्यूआर कोड अपलोड करें"", ""enter_code"": ""कोड दर्ज करें"", ""state_label"": ""राज्य"", ""accept_terms"": ""मैं नियम और शर्तें स्वीकार करता हूँ"", ""country_label"": ""देश"", ""language_label"": ""भाषा"", ""continue_button"": ""जारी रखें"", ""welcome_heading"": ""CONNECTA में आपका स्वागत है"", ""welcome_subtitle"": ""कृपया अपना क्यूआर कोड अपलोड करें या रेफरल कोड दर्ज करें"", ""terms_and_conditions"": ""नियम और शर्तें""}",2025-07-14 12:51:24.838,hindi,"{""upload_qr"": ""Upload QR Code"", ""enter_code"": ""Enter Referral Code"", ""state_label"": ""Select State"", ""accept_terms"": ""I accept the terms and conditions"", ""country_label"": ""Select Country"", ""language_label"": ""Select Language"", ""continue_button"": ""Continue"", ""welcome_heading"": ""Welcome to CONNECTA"", ""welcome_subtitle"": ""Please upload your QR code or enter the referral code"", ""terms_and_conditions"": ""Terms and Conditions""}","[""welcome_heading"", ""welcome_subtitle"", ""upload_qr"", ""enter_code"", ""continue_button"", ""accept_terms"", ""terms_and_conditions"", ""language_label"", ""country_label"", ""state_label""]",hi
c2ba59a6-49af-47b9-a753-ffeb9874797b,"{""upload_qr"": """", ""enter_code"": """", ""state_label"": """", ""accept_terms"": """", ""country_label"": """", ""language_label"": """", ""continue_button"": """", ""welcome_heading"": """", ""welcome_subtitle"": """", ""terms_and_conditions"": """"}",2025-07-14 12:51:24.921,hungarian,"{""upload_qr"": ""Upload QR Code"", ""enter_code"": ""Enter Referral Code"", ""state_label"": ""Select State"", ""accept_terms"": ""I accept the terms and conditions"", ""country_label"": ""Select Country"", ""language_label"": ""Select Language"", ""continue_button"": ""Continue"", ""welcome_heading"": ""Welcome to CONNECTA"", ""welcome_subtitle"": ""Please upload your QR code or enter the referral code"", ""terms_and_conditions"": ""Terms and Conditions""}","[""welcome_heading"", ""welcome_subtitle"", ""upload_qr"", ""enter_code"", ""continue_button"", ""accept_terms"", ""terms_and_conditions"", ""language_label"", ""country_label"", ""state_label""]",hu
4a36c91d-ff51-470d-8169-a27f55fb1fbb,"{""upload_qr"": """", ""enter_code"": """", ""state_label"": """", ""accept_terms"": """", ""country_label"": """", ""language_label"": """", ""continue_button"": """", ""welcome_heading"": """", ""welcome_subtitle"": """", ""terms_and_conditions"": """"}",2025-07-14 12:51:25,icelandic,"{""upload_qr"": ""Upload QR Code"", ""enter_code"": ""Enter Referral Code"", ""state_label"": ""Select State"", ""accept_terms"": ""I accept the terms and conditions"", ""country_label"": ""Select Country"", ""language_label"": ""Select Language"", ""continue_button"": ""Continue"", ""welcome_heading"": ""Welcome to CONNECTA"", ""welcome_subtitle"": ""Please upload your QR code or enter the referral code"", ""terms_and_conditions"": ""Terms and Conditions""}","[""welcome_heading"", ""welcome_subtitle"", ""upload_qr"", ""enter_code"", ""continue_button"", ""accept_terms"", ""terms_and_conditions"", ""language_label"", ""country_label"", ""state_label""]",is
69dd35a4-7ef2-4561-8345-8934c32da1b4,"{""upload_qr"": """", ""enter_code"": """", ""state_label"": """", ""accept_terms"": """", ""country_label"": """", ""language_label"": """", ""continue_button"": """", ""welcome_heading"": """", ""welcome_subtitle"": """", ""terms_and_conditions"": """"}",2025-07-14 12:51:25.065,indonesian,"{""upload_qr"": ""Upload QR Code"", ""enter_code"": ""Enter Referral Code"", ""state_label"": ""Select State"", ""accept_terms"": ""I accept the terms and conditions"", ""country_label"": ""Select Country"", ""language_label"": ""Select Language"", ""continue_button"": ""Continue"", ""welcome_heading"": ""Welcome to CONNECTA"", ""welcome_subtitle"": ""Please upload your QR code or enter the referral code"", ""terms_and_conditions"": ""Terms and Conditions""}","[""welcome_heading"", ""welcome_subtitle"", ""upload_qr"", ""enter_code"", ""continue_button"", ""accept_terms"", ""terms_and_conditions"", ""language_label"", ""country_label"", ""state_label""]",id
80cd0597-f724-4772-80e3-d9ac43e9310c,"{""upload_qr"": """", ""enter_code"": """", ""state_label"": """", ""accept_terms"": """", ""country_label"": """", ""language_label"": """", ""continue_button"": """", ""welcome_heading"": """", ""welcome_subtitle"": """", ""terms_and_conditions"": """"}",2025-07-14 12:51:25.164,italian,"{""upload_qr"": ""Upload QR Code"", ""enter_code"": ""Enter Referral Code"", ""state_label"": ""Select State"", ""accept_terms"": ""I accept the terms and conditions"", ""country_label"": ""Select Country"", ""language_label"": ""Select Language"", ""continue_button"": ""Continue"", ""welcome_heading"": ""Welcome to CONNECTA"", ""welcome_subtitle"": ""Please upload your QR code or enter the referral code"", ""terms_and_conditions"": ""Terms and Conditions""}","[""welcome_heading"", ""welcome_subtitle"", ""upload_qr"", ""enter_code"", ""continue_button"", ""accept_terms"", ""terms_and_conditions"", ""language_label"", ""country_label"", ""state_label""]",it
3204017e-a929-47b3-9b1c-a0616e545233,"{""upload_qr"": """", ""enter_code"": """", ""state_label"": """", ""accept_terms"": """", ""country_label"": """", ""language_label"": """", ""continue_button"": """", ""welcome_heading"": """", ""welcome_subtitle"": """", ""terms_and_conditions"": """"}",2025-07-14 12:51:25.24,japanese,"{""upload_qr"": ""Upload QR Code"", ""enter_code"": ""Enter Referral Code"", ""state_label"": ""Select State"", ""accept_terms"": ""I accept the terms and conditions"", ""country_label"": ""Select Country"", ""language_label"": ""Select Language"", ""continue_button"": ""Continue"", ""welcome_heading"": ""Welcome to CONNECTA"", ""welcome_subtitle"": ""Please upload your QR code or enter the referral code"", ""terms_and_conditions"": ""Terms and Conditions""}","[""welcome_heading"", ""welcome_subtitle"", ""upload_qr"", ""enter_code"", ""continue_button"", ""accept_terms"", ""terms_and_conditions"", ""language_label"", ""country_label"", ""state_label""]",ja
1c0f9fe4-07a2-4a5d-a4e8-ee26661ec076,"{""upload_qr"": """", ""enter_code"": """", ""state_label"": """", ""accept_terms"": """", ""country_label"": """", ""language_label"": """", ""continue_button"": """", ""welcome_heading"": """", ""welcome_subtitle"": """", ""terms_and_conditions"": """"}",2025-07-14 12:51:25.412,kazakh,"{""upload_qr"": ""Upload QR Code"", ""enter_code"": ""Enter Referral Code"", ""state_label"": ""Select State"", ""accept_terms"": ""I accept the terms and conditions"", ""country_label"": ""Select Country"", ""language_label"": ""Select Language"", ""continue_button"": ""Continue"", ""welcome_heading"": ""Welcome to CONNECTA"", ""welcome_subtitle"": ""Please upload your QR code or enter the referral code"", ""terms_and_conditions"": ""Terms and Conditions""}","[""welcome_heading"", ""welcome_subtitle"", ""upload_qr"", ""enter_code"", ""continue_button"", ""accept_terms"", ""terms_and_conditions"", ""language_label"", ""country_label"", ""state_label""]",kk
57ff975c-53f3-4992-b255-011439a94d61,"{""upload_qr"": """", ""enter_code"": """", ""state_label"": """", ""accept_terms"": """", ""country_label"": """", ""language_label"": """", ""continue_button"": """", ""welcome_heading"": """", ""welcome_subtitle"": """", ""terms_and_conditions"": """"}",2025-07-14 12:51:25.655,korean,"{""upload_qr"": ""Upload QR Code"", ""enter_code"": ""Enter Referral Code"", ""state_label"": ""Select State"", ""accept_terms"": ""I accept the terms and conditions"", ""country_label"": ""Select Country"", ""language_label"": ""Select Language"", ""continue_button"": ""Continue"", ""welcome_heading"": ""Welcome to CONNECTA"", ""welcome_subtitle"": ""Please upload your QR code or enter the referral code"", ""terms_and_conditions"": ""Terms and Conditions""}","[""welcome_heading"", ""welcome_subtitle"", ""upload_qr"", ""enter_code"", ""continue_button"", ""accept_terms"", ""terms_and_conditions"", ""language_label"", ""country_label"", ""state_label""]",ko
281363c0-71fd-48af-ae99-157d09471735,"{""upload_qr"": """", ""enter_code"": """", ""state_label"": """", ""accept_terms"": """", ""country_label"": """", ""language_label"": """", ""continue_button"": """", ""welcome_heading"": """", ""welcome_subtitle"": """", ""terms_and_conditions"": """"}",2025-07-14 12:51:25.843,lao,"{""upload_qr"": ""Upload QR Code"", ""enter_code"": ""Enter Referral Code"", ""state_label"": ""Select State"", ""accept_terms"": ""I accept the terms and conditions"", ""country_label"": ""Select Country"", ""language_label"": ""Select Language"", ""continue_button"": ""Continue"", ""welcome_heading"": ""Welcome to CONNECTA"", ""welcome_subtitle"": ""Please upload your QR code or enter the referral code"", ""terms_and_conditions"": ""Terms and Conditions""}","[""welcome_heading"", ""welcome_subtitle"", ""upload_qr"", ""enter_code"", ""continue_button"", ""accept_terms"", ""terms_and_conditions"", ""language_label"", ""country_label"", ""state_label""]",lo
ffaf8edc-1da5-41c2-b692-aad08a84bee2,"{""upload_qr"": """", ""enter_code"": """", ""state_label"": """", ""accept_terms"": """", ""country_label"": """", ""language_label"": """", ""continue_button"": """", ""welcome_heading"": """", ""welcome_subtitle"": """", ""terms_and_conditions"": """"}",2025-07-14 12:51:25.938,latvian,"{""upload_qr"": ""Upload QR Code"", ""enter_code"": ""Enter Referral Code"", ""state_label"": ""Select State"", ""accept_terms"": ""I accept the terms and conditions"", ""country_label"": ""Select Country"", ""language_label"": ""Select Language"", ""continue_button"": ""Continue"", ""welcome_heading"": ""Welcome to CONNECTA"", ""welcome_subtitle"": ""Please upload your QR code or enter the referral code"", ""terms_and_conditions"": ""Terms and Conditions""}","[""welcome_heading"", ""welcome_subtitle"", ""upload_qr"", ""enter_code"", ""continue_button"", ""accept_terms"", ""terms_and_conditions"", ""language_label"", ""country_label"", ""state_label""]",lv
2b12f701-9457-4aa6-8496-d3b78622b82e,"{""upload_qr"": """", ""enter_code"": """", ""state_label"": """", ""accept_terms"": """", ""country_label"": """", ""language_label"": """", ""continue_button"": """", ""welcome_heading"": """", ""welcome_subtitle"": """", ""terms_and_conditions"": """"}",2025-07-14 12:51:26.003,lithuanian,"{""upload_qr"": ""Upload QR Code"", ""enter_code"": ""Enter Referral Code"", ""state_label"": ""Select State"", ""accept_terms"": ""I accept the terms and conditions"", ""country_label"": ""Select Country"", ""language_label"": ""Select Language"", ""continue_button"": ""Continue"", ""welcome_heading"": ""Welcome to CONNECTA"", ""welcome_subtitle"": ""Please upload your QR code or enter the referral code"", ""terms_and_conditions"": ""Terms and Conditions""}","[""welcome_heading"", ""welcome_subtitle"", ""upload_qr"", ""enter_code"", ""continue_button"", ""accept_terms"", ""terms_and_conditions"", ""language_label"", ""country_label"", ""state_label""]",lt
afcbffb3-5ac2-4ed4-9bb4-5edba15f4802,"{""upload_qr"": """", ""enter_code"": """", ""state_label"": """", ""accept_terms"": """", ""country_label"": """", ""language_label"": """", ""continue_button"": """", ""welcome_heading"": """", ""welcome_subtitle"": """", ""terms_and_conditions"": """"}",2025-07-14 12:51:26.083,macedonian,"{""upload_qr"": ""Upload QR Code"", ""enter_code"": ""Enter Referral Code"", ""state_label"": ""Select State"", ""accept_terms"": ""I accept the terms and conditions"", ""country_label"": ""Select Country"", ""language_label"": ""Select Language"", ""continue_button"": ""Continue"", ""welcome_heading"": ""Welcome to CONNECTA"", ""welcome_subtitle"": ""Please upload your QR code or enter the referral code"", ""terms_and_conditions"": ""Terms and Conditions""}","[""welcome_heading"", ""welcome_subtitle"", ""upload_qr"", ""enter_code"", ""continue_button"", ""accept_terms"", ""terms_and_conditions"", ""language_label"", ""country_label"", ""state_label""]",mk
05b3790a-e372-4cb8-83fa-92a514f9d50e,"{""upload_qr"": """", ""enter_code"": """", ""state_label"": """", ""accept_terms"": """", ""country_label"": """", ""language_label"": """", ""continue_button"": """", ""welcome_heading"": """", ""welcome_subtitle"": """", ""terms_and_conditions"": """"}",2025-07-14 12:51:26.161,malay,"{""upload_qr"": ""Upload QR Code"", ""enter_code"": ""Enter Referral Code"", ""state_label"": ""Select State"", ""accept_terms"": ""I accept the terms and conditions"", ""country_label"": ""Select Country"", ""language_label"": ""Select Language"", ""continue_button"": ""Continue"", ""welcome_heading"": ""Welcome to CONNECTA"", ""welcome_subtitle"": ""Please upload your QR code or enter the referral code"", ""terms_and_conditions"": ""Terms and Conditions""}","[""welcome_heading"", ""welcome_subtitle"", ""upload_qr"", ""enter_code"", ""continue_button"", ""accept_terms"", ""terms_and_conditions"", ""language_label"", ""country_label"", ""state_label""]",ms
dde2f81b-e441-4aa2-928a-bf007509fa70,"{""upload_qr"": ""QR കോഡ് അപ്‌ലോഡ് ചെയ്യുക"", ""enter_code"": ""കോഡ് നൽകുക"", ""state_label"": ""സംസ്ഥാനം"", ""accept_terms"": ""ഞാൻ നിബന്ധനകളും വ്യവസ്ഥകളും അംഗീകരിക്കുന്നു"", ""country_label"": ""രാജ്യം"", ""language_label"": ""ഭാഷ"", ""continue_button"": ""തുടരുക"", ""welcome_heading"": ""CONNECTA-വിലേക്ക് സ്വാഗതം"", ""welcome_subtitle"": ""ദയവായി നിങ്ങളുടെ QR കോഡ് അപ്‌ലോഡ് ചെയ്യുക അല്ലെങ്കിൽ റഫറൽ കോഡ് നൽകുക"", ""terms_and_conditions"": ""നിയമങ്ങളും നിബന്ധനകളും""}",2025-07-14 12:51:26.247,malayalam,"{""upload_qr"": ""Upload QR Code"", ""enter_code"": ""Enter Referral Code"", ""state_label"": ""Select State"", ""accept_terms"": ""I accept the terms and conditions"", ""country_label"": ""Select Country"", ""language_label"": ""Select Language"", ""continue_button"": ""Continue"", ""welcome_heading"": ""Welcome to CONNECTA"", ""welcome_subtitle"": ""Please upload your QR code or enter the referral code"", ""terms_and_conditions"": ""Terms and Conditions""}","[""welcome_heading"", ""welcome_subtitle"", ""upload_qr"", ""enter_code"", ""continue_button"", ""accept_terms"", ""terms_and_conditions"", ""language_label"", ""country_label"", ""state_label""]",ml
ed0393c1-d856-4795-8656-ff5b47213e96,"{""upload_qr"": ""QR कोड अपलोड करा"", ""enter_code"": ""कोड टाका"", ""state_label"": ""राज्य"", ""accept_terms"": ""मी नियम व अटी स्वीकारतो"", ""country_label"": ""देश"", ""language_label"": ""भाषा"", ""continue_button"": ""सुरू ठेवा"", ""welcome_heading"": ""CONNECTA मध्ये आपले स्वागत आहे"", ""welcome_subtitle"": ""कृपया आपला QR कोड अपलोड करा किंवा रेफरल कोड टाका"", ""terms_and_conditions"": ""नियम व अटी""}",2025-07-14 12:51:26.473,marathi,"{""upload_qr"": ""Upload QR Code"", ""enter_code"": ""Enter Referral Code"", ""state_label"": ""Select State"", ""accept_terms"": ""I accept the terms and conditions"", ""country_label"": ""Select Country"", ""language_label"": ""Select Language"", ""continue_button"": ""Continue"", ""welcome_heading"": ""Welcome to CONNECTA"", ""welcome_subtitle"": ""Please upload your QR code or enter the referral code"", ""terms_and_conditions"": ""Terms and Conditions""}","[""welcome_heading"", ""welcome_subtitle"", ""upload_qr"", ""enter_code"", ""continue_button"", ""accept_terms"", ""terms_and_conditions"", ""language_label"", ""country_label"", ""state_label""]",mr
a40f8a05-adb7-4df3-9455-9afd206d2660,"{""upload_qr"": """", ""enter_code"": """", ""state_label"": """", ""accept_terms"": """", ""country_label"": """", ""language_label"": """", ""continue_button"": """", ""welcome_heading"": """", ""welcome_subtitle"": """", ""terms_and_conditions"": """"}",2025-07-14 12:51:26.546,mongolian,"{""upload_qr"": ""Upload QR Code"", ""enter_code"": ""Enter Referral Code"", ""state_label"": ""Select State"", ""accept_terms"": ""I accept the terms and conditions"", ""country_label"": ""Select Country"", ""language_label"": ""Select Language"", ""continue_button"": ""Continue"", ""welcome_heading"": ""Welcome to CONNECTA"", ""welcome_subtitle"": ""Please upload your QR code or enter the referral code"", ""terms_and_conditions"": ""Terms and Conditions""}","[""welcome_heading"", ""welcome_subtitle"", ""upload_qr"", ""enter_code"", ""continue_button"", ""accept_terms"", ""terms_and_conditions"", ""language_label"", ""country_label"", ""state_label""]",mn
07bae78e-ad2a-4488-b332-4955c74b8e9b,"{""upload_qr"": """", ""enter_code"": """", ""state_label"": """", ""accept_terms"": """", ""country_label"": """", ""language_label"": """", ""continue_button"": """", ""welcome_heading"": """", ""welcome_subtitle"": """", ""terms_and_conditions"": """"}",2025-07-14 12:51:26.626,nepali,"{""upload_qr"": ""Upload QR Code"", ""enter_code"": ""Enter Referral Code"", ""state_label"": ""Select State"", ""accept_terms"": ""I accept the terms and conditions"", ""country_label"": ""Select Country"", ""language_label"": ""Select Language"", ""continue_button"": ""Continue"", ""welcome_heading"": ""Welcome to CONNECTA"", ""welcome_subtitle"": ""Please upload your QR code or enter the referral code"", ""terms_and_conditions"": ""Terms and Conditions""}","[""welcome_heading"", ""welcome_subtitle"", ""upload_qr"", ""enter_code"", ""continue_button"", ""accept_terms"", ""terms_and_conditions"", ""language_label"", ""country_label"", ""state_label""]",ne
27d29314-ab9a-4def-85cb-71deacd177d7,"{""upload_qr"": """", ""enter_code"": """", ""state_label"": """", ""accept_terms"": """", ""country_label"": """", ""language_label"": """", ""continue_button"": """", ""welcome_heading"": """", ""welcome_subtitle"": """", ""terms_and_conditions"": """"}",2025-07-14 12:51:26.759,norwegian,"{""upload_qr"": ""Upload QR Code"", ""enter_code"": ""Enter Referral Code"", ""state_label"": ""Select State"", ""accept_terms"": ""I accept the terms and conditions"", ""country_label"": ""Select Country"", ""language_label"": ""Select Language"", ""continue_button"": ""Continue"", ""welcome_heading"": ""Welcome to CONNECTA"", ""welcome_subtitle"": ""Please upload your QR code or enter the referral code"", ""terms_and_conditions"": ""Terms and Conditions""}","[""welcome_heading"", ""welcome_subtitle"", ""upload_qr"", ""enter_code"", ""continue_button"", ""accept_terms"", ""terms_and_conditions"", ""language_label"", ""country_label"", ""state_label""]",no
ad7e32a0-921a-4f8d-b213-57954e03c21f,"{""upload_qr"": """", ""enter_code"": """", ""state_label"": """", ""accept_terms"": """", ""country_label"": """", ""language_label"": """", ""continue_button"": """", ""welcome_heading"": """", ""welcome_subtitle"": """", ""terms_and_conditions"": """"}",2025-07-14 12:51:26.856,persian,"{""upload_qr"": ""Upload QR Code"", ""enter_code"": ""Enter Referral Code"", ""state_label"": ""Select State"", ""accept_terms"": ""I accept the terms and conditions"", ""country_label"": ""Select Country"", ""language_label"": ""Select Language"", ""continue_button"": ""Continue"", ""welcome_heading"": ""Welcome to CONNECTA"", ""welcome_subtitle"": ""Please upload your QR code or enter the referral code"", ""terms_and_conditions"": ""Terms and Conditions""}","[""welcome_heading"", ""welcome_subtitle"", ""upload_qr"", ""enter_code"", ""continue_button"", ""accept_terms"", ""terms_and_conditions"", ""language_label"", ""country_label"", ""state_label""]",fa
546f900e-84e6-424d-86f7-eb86dfb4365d,"{""upload_qr"": """", ""enter_code"": """", ""state_label"": """", ""accept_terms"": """", ""country_label"": """", ""language_label"": """", ""continue_button"": """", ""welcome_heading"": """", ""welcome_subtitle"": """", ""terms_and_conditions"": """"}",2025-07-14 12:51:26.947,polish,"{""upload_qr"": ""Upload QR Code"", ""enter_code"": ""Enter Referral Code"", ""state_label"": ""Select State"", ""accept_terms"": ""I accept the terms and conditions"", ""country_label"": ""Select Country"", ""language_label"": ""Select Language"", ""continue_button"": ""Continue"", ""welcome_heading"": ""Welcome to CONNECTA"", ""welcome_subtitle"": ""Please upload your QR code or enter the referral code"", ""terms_and_conditions"": ""Terms and Conditions""}","[""welcome_heading"", ""welcome_subtitle"", ""upload_qr"", ""enter_code"", ""continue_button"", ""accept_terms"", ""terms_and_conditions"", ""language_label"", ""country_label"", ""state_label""]",pl
406144c7-ebe0-41b8-88dd-3b3713e0dc16,"{""upload_qr"": """", ""enter_code"": """", ""state_label"": """", ""accept_terms"": """", ""country_label"": """", ""language_label"": """", ""continue_button"": """", ""welcome_heading"": """", ""welcome_subtitle"": """", ""terms_and_conditions"": """"}",2025-07-14 12:51:27.045,portuguese,"{""upload_qr"": ""Upload QR Code"", ""enter_code"": ""Enter Referral Code"", ""state_label"": ""Select State"", ""accept_terms"": ""I accept the terms and conditions"", ""country_label"": ""Select Country"", ""language_label"": ""Select Language"", ""continue_button"": ""Continue"", ""welcome_heading"": ""Welcome to CONNECTA"", ""welcome_subtitle"": ""Please upload your QR code or enter the referral code"", ""terms_and_conditions"": ""Terms and Conditions""}","[""welcome_heading"", ""welcome_subtitle"", ""upload_qr"", ""enter_code"", ""continue_button"", ""accept_terms"", ""terms_and_conditions"", ""language_label"", ""country_label"", ""state_label""]",pt
b1cb3bc2-5e5a-408e-b53c-51921a9e1f34,"{""upload_qr"": ""QR ਕੋਡ ਅਪਲੋਡ ਕਰੋ"", ""enter_code"": ""ਕੋਡ ਦਾਖਲ ਕਰੋ"", ""state_label"": ""ਸੂਬਾ"", ""accept_terms"": ""ਮੈਂ ਨਿਯਮਾਂ ਅਤੇ ਸ਼ਰਤਾਂ ਨੂੰ ਸਵੀਕਾਰ ਕਰਦਾ ਹਾਂ"", ""country_label"": ""ਦੇਸ਼"", ""language_label"": ""ਭਾਸ਼ਾ"", ""continue_button"": ""ਜਾਰੀ ਰੱਖੋ"", ""welcome_heading"": ""CONNECTA ਵਿੱਚ ਤੁਹਾਡਾ ਸੁਆਗਤ ਹੈ"", ""welcome_subtitle"": ""ਕਿਰਪਾ ਕਰਕੇ ਆਪਣਾ QR ਕੋਡ ਅਪਲੋਡ ਕਰੋ ਜਾਂ ਰੈਫਰਲ ਕੋਡ ਦਾਖਲ ਕਰੋ"", ""terms_and_conditions"": ""ਨਿਯਮ ਅਤੇ ਸ਼ਰਤਾਂ""}",2025-07-14 12:51:27.354,punjabi,"{""upload_qr"": ""Upload QR Code"", ""enter_code"": ""Enter Referral Code"", ""state_label"": ""Select State"", ""accept_terms"": ""I accept the terms and conditions"", ""country_label"": ""Select Country"", ""language_label"": ""Select Language"", ""continue_button"": ""Continue"", ""welcome_heading"": ""Welcome to CONNECTA"", ""welcome_subtitle"": ""Please upload your QR code or enter the referral code"", ""terms_and_conditions"": ""Terms and Conditions""}","[""welcome_heading"", ""welcome_subtitle"", ""upload_qr"", ""enter_code"", ""continue_button"", ""accept_terms"", ""terms_and_conditions"", ""language_label"", ""country_label"", ""state_label""]",pa
5e26df02-0292-4766-bb77-9e52d73f645d,"{""upload_qr"": """", ""enter_code"": """", ""state_label"": """", ""accept_terms"": """", ""country_label"": """", ""language_label"": """", ""continue_button"": """", ""welcome_heading"": """", ""welcome_subtitle"": """", ""terms_and_conditions"": """"}",2025-07-14 12:51:27.429,romanian,"{""upload_qr"": ""Upload QR Code"", ""enter_code"": ""Enter Referral Code"", ""state_label"": ""Select State"", ""accept_terms"": ""I accept the terms and conditions"", ""country_label"": ""Select Country"", ""language_label"": ""Select Language"", ""continue_button"": ""Continue"", ""welcome_heading"": ""Welcome to CONNECTA"", ""welcome_subtitle"": ""Please upload your QR code or enter the referral code"", ""terms_and_conditions"": ""Terms and Conditions""}","[""welcome_heading"", ""welcome_subtitle"", ""upload_qr"", ""enter_code"", ""continue_button"", ""accept_terms"", ""terms_and_conditions"", ""language_label"", ""country_label"", ""state_label""]",ro
c794f8ca-2c02-48f4-b7e4-2399b3a4b770,"{""upload_qr"": """", ""enter_code"": """", ""state_label"": """", ""accept_terms"": """", ""country_label"": """", ""language_label"": """", ""continue_button"": """", ""welcome_heading"": """", ""welcome_subtitle"": """", ""terms_and_conditions"": """"}",2025-07-14 12:51:27.711,russian,"{""upload_qr"": ""Upload QR Code"", ""enter_code"": ""Enter Referral Code"", ""state_label"": ""Select State"", ""accept_terms"": ""I accept the terms and conditions"", ""country_label"": ""Select Country"", ""language_label"": ""Select Language"", ""continue_button"": ""Continue"", ""welcome_heading"": ""Welcome to CONNECTA"", ""welcome_subtitle"": ""Please upload your QR code or enter the referral code"", ""terms_and_conditions"": ""Terms and Conditions""}","[""welcome_heading"", ""welcome_subtitle"", ""upload_qr"", ""enter_code"", ""continue_button"", ""accept_terms"", ""terms_and_conditions"", ""language_label"", ""country_label"", ""state_label""]",ru
3cec0d3e-e6c5-4ff3-9f05-da284d6a52ec,"{""upload_qr"": """", ""enter_code"": """", ""state_label"": """", ""accept_terms"": """", ""country_label"": """", ""language_label"": """", ""continue_button"": """", ""welcome_heading"": """", ""welcome_subtitle"": """", ""terms_and_conditions"": """"}",2025-07-14 12:51:27.796,serbian,"{""upload_qr"": ""Upload QR Code"", ""enter_code"": ""Enter Referral Code"", ""state_label"": ""Select State"", ""accept_terms"": ""I accept the terms and conditions"", ""country_label"": ""Select Country"", ""language_label"": ""Select Language"", ""continue_button"": ""Continue"", ""welcome_heading"": ""Welcome to CONNECTA"", ""welcome_subtitle"": ""Please upload your QR code or enter the referral code"", ""terms_and_conditions"": ""Terms and Conditions""}","[""welcome_heading"", ""welcome_subtitle"", ""upload_qr"", ""enter_code"", ""continue_button"", ""accept_terms"", ""terms_and_conditions"", ""language_label"", ""country_label"", ""state_label""]",sr
bb797ab2-baa9-4a36-8fa9-fb872e2c3611,"{""upload_qr"": """", ""enter_code"": """", ""state_label"": """", ""accept_terms"": """", ""country_label"": """", ""language_label"": """", ""continue_button"": """", ""welcome_heading"": """", ""welcome_subtitle"": """", ""terms_and_conditions"": """"}",2025-07-14 12:51:28.028,slovenian,"{""upload_qr"": ""Upload QR Code"", ""enter_code"": ""Enter Referral Code"", ""state_label"": ""Select State"", ""accept_terms"": ""I accept the terms and conditions"", ""country_label"": ""Select Country"", ""language_label"": ""Select Language"", ""continue_button"": ""Continue"", ""welcome_heading"": ""Welcome to CONNECTA"", ""welcome_subtitle"": ""Please upload your QR code or enter the referral code"", ""terms_and_conditions"": ""Terms and Conditions""}","[""welcome_heading"", ""welcome_subtitle"", ""upload_qr"", ""enter_code"", ""continue_button"", ""accept_terms"", ""terms_and_conditions"", ""language_label"", ""country_label"", ""state_label""]",sl
ab8ebd12-9b8f-4a2a-b67e-1d6cd77e0c65,"{""upload_qr"": """", ""enter_code"": """", ""state_label"": """", ""accept_terms"": """", ""country_label"": """", ""language_label"": """", ""continue_button"": """", ""welcome_heading"": """", ""welcome_subtitle"": """", ""terms_and_conditions"": """"}",2025-07-14 12:51:28.381,swahili,"{""upload_qr"": ""Upload QR Code"", ""enter_code"": ""Enter Referral Code"", ""state_label"": ""Select State"", ""accept_terms"": ""I accept the terms and conditions"", ""country_label"": ""Select Country"", ""language_label"": ""Select Language"", ""continue_button"": ""Continue"", ""welcome_heading"": ""Welcome to CONNECTA"", ""welcome_subtitle"": ""Please upload your QR code or enter the referral code"", ""terms_and_conditions"": ""Terms and Conditions""}","[""welcome_heading"", ""welcome_subtitle"", ""upload_qr"", ""enter_code"", ""continue_button"", ""accept_terms"", ""terms_and_conditions"", ""language_label"", ""country_label"", ""state_label""]",sw
40a5ce6f-4bc2-4beb-bf3b-cc2d7b32397a,"{""upload_qr"": """", ""enter_code"": """", ""state_label"": """", ""accept_terms"": """", ""country_label"": """", ""language_label"": """", ""continue_button"": """", ""welcome_heading"": """", ""welcome_subtitle"": """", ""terms_and_conditions"": """"}",2025-07-14 12:51:28.474,swedish,"{""upload_qr"": ""Upload QR Code"", ""enter_code"": ""Enter Referral Code"", ""state_label"": ""Select State"", ""accept_terms"": ""I accept the terms and conditions"", ""country_label"": ""Select Country"", ""language_label"": ""Select Language"", ""continue_button"": ""Continue"", ""welcome_heading"": ""Welcome to CONNECTA"", ""welcome_subtitle"": ""Please upload your QR code or enter the referral code"", ""terms_and_conditions"": ""Terms and Conditions""}","[""welcome_heading"", ""welcome_subtitle"", ""upload_qr"", ""enter_code"", ""continue_button"", ""accept_terms"", ""terms_and_conditions"", ""language_label"", ""country_label"", ""state_label""]",sv
88ca2984-2bbf-4cdb-a561-32b7b81bc413,"{""upload_qr"": ""QR குறியீட்டை பதிவேற்றவும்"", ""enter_code"": ""குறிப்பை உள்ளிடவும்"", ""state_label"": ""மாநிலம்"", ""accept_terms"": ""நிபந்தனைகளை ஏற்கிறேன்"", ""country_label"": ""நாடு"", ""language_label"": ""மொழி"", ""continue_button"": ""தொடரவும்"", ""welcome_heading"": ""CONNECTA-க்கு வரவேற்பு"", ""welcome_subtitle"": ""உங்கள் QR குறியீட்டை பதிவேற்றவும் அல்லது பரிந்துரை குறியீட்டை உள்ளிடவும்"", ""terms_and_conditions"": ""விதிமுறைகள் மற்றும் நிபந்தனைகள்""}",2025-07-14 12:51:28.557,tamil,"{""upload_qr"": ""Upload QR Code"", ""enter_code"": ""Enter Referral Code"", ""state_label"": ""Select State"", ""accept_terms"": ""I accept the terms and conditions"", ""country_label"": ""Select Country"", ""language_label"": ""Select Language"", ""continue_button"": ""Continue"", ""welcome_heading"": ""Welcome to CONNECTA"", ""welcome_subtitle"": ""Please upload your QR code or enter the referral code"", ""terms_and_conditions"": ""Terms and Conditions""}","[""welcome_heading"", ""welcome_subtitle"", ""upload_qr"", ""enter_code"", ""continue_button"", ""accept_terms"", ""terms_and_conditions"", ""language_label"", ""country_label"", ""state_label""]",ta
78fd0eb2-c340-46db-a473-b35417c3b171,"{""upload_qr"": ""QR కోడ్ అప్లోడ్ చేయండి"", ""enter_code"": ""కోడ్ నమోదు చేయండి"", ""state_label"": ""రాష్ట్రం"", ""accept_terms"": ""నేను నిబంధనలు మరియు షరతులను అంగీకరిస్తున్నాను"", ""country_label"": ""దేశం"", ""language_label"": ""భాష"", ""continue_button"": ""కొనసాగించండి"", ""welcome_heading"": ""CONNECTA కి స్వాగతం"", ""welcome_subtitle"": ""దయచేసి మీ QR కోడ్‌ను అప్లోడ్ చేయండి లేదా రిఫరల్ కోడ్‌ను నమోదు చేయండి"", ""terms_and_conditions"": ""నిబంధనలు మరియు షరతులు""}",2025-07-14 12:51:28.624,telugu,"{""upload_qr"": ""Upload QR Code"", ""enter_code"": ""Enter Referral Code"", ""state_label"": ""Select State"", ""accept_terms"": ""I accept the terms and conditions"", ""country_label"": ""Select Country"", ""language_label"": ""Select Language"", ""continue_button"": ""Continue"", ""welcome_heading"": ""Welcome to CONNECTA"", ""welcome_subtitle"": ""Please upload your QR code or enter the referral code"", ""terms_and_conditions"": ""Terms and Conditions""}","[""welcome_heading"", ""welcome_subtitle"", ""upload_qr"", ""enter_code"", ""continue_button"", ""accept_terms"", ""terms_and_conditions"", ""language_label"", ""country_label"", ""state_label""]",te
7336582e-106c-480d-b6cd-bc0b0e1c6ac6,"{""upload_qr"": """", ""enter_code"": """", ""state_label"": """", ""accept_terms"": """", ""country_label"": """", ""language_label"": """", ""continue_button"": """", ""welcome_heading"": """", ""welcome_subtitle"": """", ""terms_and_conditions"": """"}",2025-07-13 12:57:07.055,thai,"{""upload_qr"": ""Upload QR Code"", ""enter_code"": ""Enter Referral Code"", ""state_label"": ""Select State"", ""accept_terms"": ""I accept the terms and conditions"", ""country_label"": ""Select Country"", ""language_label"": ""Select Language"", ""continue_button"": ""Continue"", ""welcome_heading"": ""Welcome to CONNECTA"", ""welcome_subtitle"": ""Please upload your QR code or enter the referral code"", ""terms_and_conditions"": ""Terms and Conditions""}","[""welcome_heading"", ""welcome_subtitle"", ""upload_qr"", ""enter_code"", ""continue_button"", ""accept_terms"", ""terms_and_conditions"", ""language_label"", ""country_label"", ""state_label""]",th
7a09ec8a-a37f-4c05-b252-83046b0d9def,"{""upload_qr"": """", ""enter_code"": """", ""state_label"": """", ""accept_terms"": """", ""country_label"": """", ""language_label"": """", ""continue_button"": """", ""welcome_heading"": """", ""welcome_subtitle"": """", ""terms_and_conditions"": """"}",2025-07-13 12:57:07.198,turkish,"{""upload_qr"": ""Upload QR Code"", ""enter_code"": ""Enter Referral Code"", ""state_label"": ""Select State"", ""accept_terms"": ""I accept the terms and conditions"", ""country_label"": ""Select Country"", ""language_label"": ""Select Language"", ""continue_button"": ""Continue"", ""welcome_heading"": ""Welcome to CONNECTA"", ""welcome_subtitle"": ""Please upload your QR code or enter the referral code"", ""terms_and_conditions"": ""Terms and Conditions""}","[""welcome_heading"", ""welcome_subtitle"", ""upload_qr"", ""enter_code"", ""continue_button"", ""accept_terms"", ""terms_and_conditions"", ""language_label"", ""country_label"", ""state_label""]",tr
60f1d39a-49ff-4425-ae59-caadc590d388,"{""upload_qr"": """", ""enter_code"": """", ""state_label"": """", ""accept_terms"": """", ""country_label"": """", ""language_label"": """", ""continue_button"": """", ""welcome_heading"": """", ""welcome_subtitle"": """", ""terms_and_conditions"": """"}",2025-07-14 12:51:28.713,urdu,"{""upload_qr"": ""Upload QR Code"", ""enter_code"": ""Enter Referral Code"", ""state_label"": ""Select State"", ""accept_terms"": ""I accept the terms and conditions"", ""country_label"": ""Select Country"", ""language_label"": ""Select Language"", ""continue_button"": ""Continue"", ""welcome_heading"": ""Welcome to CONNECTA"", ""welcome_subtitle"": ""Please upload your QR code or enter the referral code"", ""terms_and_conditions"": ""Terms and Conditions""}","[""welcome_heading"", ""welcome_subtitle"", ""upload_qr"", ""enter_code"", ""continue_button"", ""accept_terms"", ""terms_and_conditions"", ""language_label"", ""country_label"", ""state_label""]",ur
b99b6ac8-cc27-4b11-a280-cbd7be415213,"{""upload_qr"": """", ""enter_code"": """", ""state_label"": """", ""accept_terms"": """", ""country_label"": """", ""language_label"": """", ""continue_button"": """", ""welcome_heading"": """", ""welcome_subtitle"": """", ""terms_and_conditions"": """"}",2025-07-14 12:51:28.806,vietnamese,"{""upload_qr"": ""Upload QR Code"", ""enter_code"": ""Enter Referral Code"", ""state_label"": ""Select State"", ""accept_terms"": ""I accept the terms and conditions"", ""country_label"": ""Select Country"", ""language_label"": ""Select Language"", ""continue_button"": ""Continue"", ""welcome_heading"": ""Welcome to CONNECTA"", ""welcome_subtitle"": ""Please upload your QR code or enter the referral code"", ""terms_and_conditions"": ""Terms and Conditions""}","[""welcome_heading"", ""welcome_subtitle"", ""upload_qr"", ""enter_code"", ""continue_button"", ""accept_terms"", ""terms_and_conditions"", ""language_label"", ""country_label"", ""state_label""]",vi
e98579a4-6922-4076-8783-92142816ce89,"{""upload_qr"": """", ""enter_code"": """", ""state_label"": """", ""accept_terms"": """", ""country_label"": """", ""language_label"": """", ""continue_button"": """", ""welcome_heading"": """", ""welcome_subtitle"": """", ""terms_and_conditions"": """"}",2025-07-14 12:51:28.897,zulu,"{""upload_qr"": ""Upload QR Code"", ""enter_code"": ""Enter Referral Code"", ""state_label"": ""Select State"", ""accept_terms"": ""I accept the terms and conditions"", ""country_label"": ""Select Country"", ""language_label"": ""Select Language"", ""continue_button"": ""Continue"", ""welcome_heading"": ""Welcome to CONNECTA"", ""welcome_subtitle"": ""Please upload your QR code or enter the referral code"", ""terms_and_conditions"": ""Terms and Conditions""}","[""welcome_heading"", ""welcome_subtitle"", ""upload_qr"", ""enter_code"", ""continue_button"", ""accept_terms"", ""terms_and_conditions"", ""language_label"", ""country_label"", ""state_label""]",zu
